"Date","InCount","BRCWeek","LocationName","Hour","Weekday","NewDate","Month","Year","Day","Day_yr","Month_yr","Week_yr","Hour_yr","week_no","X"
"1","01/01/2011",558,52,"Briggate",0,"Saturday","01-Jan-11",1,2011,1,"Saturday/01-Jan-2011","Jan-11","00-2011","00, 01-Jan-2011",1,NA
"2","01/01/2011",647,52,"Briggate",1,"Saturday","01-Jan-11",1,2011,1,"Saturday/01-Jan-2011","Jan-11","00-2011","00, 01-Jan-2011",1,NA
"3","01/01/2011",639,52,"Briggate",2,"Saturday","01-Jan-11",1,2011,1,"Saturday/01-Jan-2011","Jan-11","00-2011","00, 01-Jan-2011",1,NA
"4","01/01/2011",433,52,"Briggate",3,"Saturday","01-Jan-11",1,2011,1,"Saturday/01-Jan-2011","Jan-11","00-2011","00, 01-Jan-2011",1,NA
"5","01/01/2011",89,52,"Briggate",7,"Saturday","01-Jan-11",1,2011,1,"Saturday/01-Jan-2011","Jan-11","00-2011","00, 01-Jan-2011",1,NA
"6","01/01/2011",67,52,"Briggate",8,"Saturday","01-Jan-11",1,2011,1,"Saturday/01-Jan-2011","Jan-11","00-2011","00, 01-Jan-2011",1,NA
"7","01/01/2011",102,52,"Briggate",9,"Saturday","01-Jan-11",1,2011,1,"Saturday/01-Jan-2011","Jan-11","00-2011","00, 01-Jan-2011",1,NA
"8","01/01/2011",243,52,"Briggate",10,"Saturday","01-Jan-11",1,2011,1,"Saturday/01-Jan-2011","Jan-11","00-2011","00, 01-Jan-2011",1,NA
"9","01/01/2011",399,52,"Briggate",11,"Saturday","01-Jan-11",1,2011,1,"Saturday/01-Jan-2011","Jan-11","00-2011","00, 01-Jan-2011",1,NA
"10","01/01/2011",679,52,"Briggate",12,"Saturday","01-Jan-11",1,2011,1,"Saturday/01-Jan-2011","Jan-11","00-2011","00, 01-Jan-2011",1,NA
"11","01/01/2011",844,52,"Briggate",13,"Saturday","01-Jan-11",1,2011,1,"Saturday/01-Jan-2011","Jan-11","00-2011","00, 01-Jan-2011",1,NA
"12","01/01/2011",935,52,"Briggate",14,"Saturday","01-Jan-11",1,2011,1,"Saturday/01-Jan-2011","Jan-11","00-2011","00, 01-Jan-2011",1,NA
"13","01/01/2011",1037,52,"Briggate",15,"Saturday","01-Jan-11",1,2011,1,"Saturday/01-Jan-2011","Jan-11","00-2011","00, 01-Jan-2011",1,NA
"14","01/01/2011",550,52,"Briggate",16,"Saturday","01-Jan-11",1,2011,1,"Saturday/01-Jan-2011","Jan-11","00-2011","00, 01-Jan-2011",1,NA
"15","01/01/2011",386,52,"Briggate",17,"Saturday","01-Jan-11",1,2011,1,"Saturday/01-Jan-2011","Jan-11","00-2011","00, 01-Jan-2011",1,NA
"16","01/01/2011",268,52,"Briggate",18,"Saturday","01-Jan-11",1,2011,1,"Saturday/01-Jan-2011","Jan-11","00-2011","00, 01-Jan-2011",1,NA
"17","01/01/2011",184,52,"Briggate",19,"Saturday","01-Jan-11",1,2011,1,"Saturday/01-Jan-2011","Jan-11","00-2011","00, 01-Jan-2011",1,NA
"18","01/01/2011",180,52,"Briggate",20,"Saturday","01-Jan-11",1,2011,1,"Saturday/01-Jan-2011","Jan-11","00-2011","00, 01-Jan-2011",1,NA
"19","01/01/2011",160,52,"Briggate",21,"Saturday","01-Jan-11",1,2011,1,"Saturday/01-Jan-2011","Jan-11","00-2011","00, 01-Jan-2011",1,NA
"20","01/01/2011",148,52,"Briggate",22,"Saturday","01-Jan-11",1,2011,1,"Saturday/01-Jan-2011","Jan-11","00-2011","00, 01-Jan-2011",1,NA
"21","01/01/2011",151,52,"Briggate",23,"Saturday","01-Jan-11",1,2011,1,"Saturday/01-Jan-2011","Jan-11","00-2011","00, 01-Jan-2011",1,NA
"22","01/01/2011",27,52,"Briggate at McDonalds",0,"Saturday","01-Jan-11",1,2011,1,"Saturday/01-Jan-2011","Jan-11","00-2011","00, 01-Jan-2011",1,NA
"23","01/01/2011",15,52,"Briggate at McDonalds",1,"Saturday","01-Jan-11",1,2011,1,"Saturday/01-Jan-2011","Jan-11","00-2011","00, 01-Jan-2011",1,NA
"24","01/01/2011",22,52,"Briggate at McDonalds",2,"Saturday","01-Jan-11",1,2011,1,"Saturday/01-Jan-2011","Jan-11","00-2011","00, 01-Jan-2011",1,NA
"25","01/01/2011",74,52,"Briggate at McDonalds",3,"Saturday","01-Jan-11",1,2011,1,"Saturday/01-Jan-2011","Jan-11","00-2011","00, 01-Jan-2011",1,NA
"26","01/01/2011",19,52,"Briggate at McDonalds",4,"Saturday","01-Jan-11",1,2011,1,"Saturday/01-Jan-2011","Jan-11","00-2011","00, 01-Jan-2011",1,NA
"27","01/01/2011",2,52,"Briggate at McDonalds",5,"Saturday","01-Jan-11",1,2011,1,"Saturday/01-Jan-2011","Jan-11","00-2011","00, 01-Jan-2011",1,NA
"28","01/01/2011",4,52,"Briggate at McDonalds",6,"Saturday","01-Jan-11",1,2011,1,"Saturday/01-Jan-2011","Jan-11","00-2011","00, 01-Jan-2011",1,NA
"29","01/01/2011",11,52,"Briggate at McDonalds",7,"Saturday","01-Jan-11",1,2011,1,"Saturday/01-Jan-2011","Jan-11","00-2011","00, 01-Jan-2011",1,NA
"30","01/01/2011",123,52,"Briggate at McDonalds",8,"Saturday","01-Jan-11",1,2011,1,"Saturday/01-Jan-2011","Jan-11","00-2011","00, 01-Jan-2011",1,NA
"31","01/01/2011",358,52,"Briggate at McDonalds",9,"Saturday","01-Jan-11",1,2011,1,"Saturday/01-Jan-2011","Jan-11","00-2011","00, 01-Jan-2011",1,NA
"32","01/01/2011",666,52,"Briggate at McDonalds",10,"Saturday","01-Jan-11",1,2011,1,"Saturday/01-Jan-2011","Jan-11","00-2011","00, 01-Jan-2011",1,NA
"33","01/01/2011",816,52,"Briggate at McDonalds",11,"Saturday","01-Jan-11",1,2011,1,"Saturday/01-Jan-2011","Jan-11","00-2011","00, 01-Jan-2011",1,NA
"34","01/01/2011",680,52,"Briggate at McDonalds",12,"Saturday","01-Jan-11",1,2011,1,"Saturday/01-Jan-2011","Jan-11","00-2011","00, 01-Jan-2011",1,NA
"35","01/01/2011",968,52,"Briggate at McDonalds",13,"Saturday","01-Jan-11",1,2011,1,"Saturday/01-Jan-2011","Jan-11","00-2011","00, 01-Jan-2011",1,NA
"36","01/01/2011",926,52,"Briggate at McDonalds",14,"Saturday","01-Jan-11",1,2011,1,"Saturday/01-Jan-2011","Jan-11","00-2011","00, 01-Jan-2011",1,NA
"37","01/01/2011",953,52,"Briggate at McDonalds",15,"Saturday","01-Jan-11",1,2011,1,"Saturday/01-Jan-2011","Jan-11","00-2011","00, 01-Jan-2011",1,NA
"38","01/01/2011",630,52,"Briggate at McDonalds",16,"Saturday","01-Jan-11",1,2011,1,"Saturday/01-Jan-2011","Jan-11","00-2011","00, 01-Jan-2011",1,NA
"39","01/01/2011",382,52,"Briggate at McDonalds",17,"Saturday","01-Jan-11",1,2011,1,"Saturday/01-Jan-2011","Jan-11","00-2011","00, 01-Jan-2011",1,NA
"40","01/01/2011",171,52,"Briggate at McDonalds",18,"Saturday","01-Jan-11",1,2011,1,"Saturday/01-Jan-2011","Jan-11","00-2011","00, 01-Jan-2011",1,NA
"41","01/01/2011",74,52,"Briggate at McDonalds",19,"Saturday","01-Jan-11",1,2011,1,"Saturday/01-Jan-2011","Jan-11","00-2011","00, 01-Jan-2011",1,NA
"42","01/01/2011",44,52,"Briggate at McDonalds",20,"Saturday","01-Jan-11",1,2011,1,"Saturday/01-Jan-2011","Jan-11","00-2011","00, 01-Jan-2011",1,NA
"43","01/01/2011",53,52,"Briggate at McDonalds",21,"Saturday","01-Jan-11",1,2011,1,"Saturday/01-Jan-2011","Jan-11","00-2011","00, 01-Jan-2011",1,NA
"44","01/01/2011",41,52,"Briggate at McDonalds",22,"Saturday","01-Jan-11",1,2011,1,"Saturday/01-Jan-2011","Jan-11","00-2011","00, 01-Jan-2011",1,NA
"45","01/01/2011",43,52,"Briggate at McDonalds",23,"Saturday","01-Jan-11",1,2011,1,"Saturday/01-Jan-2011","Jan-11","00-2011","00, 01-Jan-2011",1,NA
"46","01/01/2011",173,52,"Albion Street North",0,"Saturday","01-Jan-11",1,2011,1,"Saturday/01-Jan-2011","Jan-11","00-2011","00, 01-Jan-2011",1,NA
"47","01/01/2011",154,52,"Albion Street North",1,"Saturday","01-Jan-11",1,2011,1,"Saturday/01-Jan-2011","Jan-11","00-2011","00, 01-Jan-2011",1,NA
"48","01/01/2011",158,52,"Albion Street North",2,"Saturday","01-Jan-11",1,2011,1,"Saturday/01-Jan-2011","Jan-11","00-2011","00, 01-Jan-2011",1,NA
"49","01/01/2011",92,52,"Albion Street North",3,"Saturday","01-Jan-11",1,2011,1,"Saturday/01-Jan-2011","Jan-11","00-2011","00, 01-Jan-2011",1,NA
"50","01/01/2011",72,52,"Albion Street North",4,"Saturday","01-Jan-11",1,2011,1,"Saturday/01-Jan-2011","Jan-11","00-2011","00, 01-Jan-2011",1,NA
"51","01/01/2011",17,52,"Albion Street North",5,"Saturday","01-Jan-11",1,2011,1,"Saturday/01-Jan-2011","Jan-11","00-2011","00, 01-Jan-2011",1,NA
"52","01/01/2011",20,52,"Albion Street North",6,"Saturday","01-Jan-11",1,2011,1,"Saturday/01-Jan-2011","Jan-11","00-2011","00, 01-Jan-2011",1,NA
"53","01/01/2011",8,52,"Albion Street North",7,"Saturday","01-Jan-11",1,2011,1,"Saturday/01-Jan-2011","Jan-11","00-2011","00, 01-Jan-2011",1,NA
"54","01/01/2011",24,52,"Albion Street North",8,"Saturday","01-Jan-11",1,2011,1,"Saturday/01-Jan-2011","Jan-11","00-2011","00, 01-Jan-2011",1,NA
"55","01/01/2011",131,52,"Albion Street North",9,"Saturday","01-Jan-11",1,2011,1,"Saturday/01-Jan-2011","Jan-11","00-2011","00, 01-Jan-2011",1,NA
"56","01/01/2011",214,52,"Albion Street North",10,"Saturday","01-Jan-11",1,2011,1,"Saturday/01-Jan-2011","Jan-11","00-2011","00, 01-Jan-2011",1,NA
"57","01/01/2011",395,52,"Albion Street North",11,"Saturday","01-Jan-11",1,2011,1,"Saturday/01-Jan-2011","Jan-11","00-2011","00, 01-Jan-2011",1,NA
"58","01/01/2011",567,52,"Albion Street North",12,"Saturday","01-Jan-11",1,2011,1,"Saturday/01-Jan-2011","Jan-11","00-2011","00, 01-Jan-2011",1,NA
"59","01/01/2011",664,52,"Albion Street North",13,"Saturday","01-Jan-11",1,2011,1,"Saturday/01-Jan-2011","Jan-11","00-2011","00, 01-Jan-2011",1,NA
"60","01/01/2011",711,52,"Albion Street North",14,"Saturday","01-Jan-11",1,2011,1,"Saturday/01-Jan-2011","Jan-11","00-2011","00, 01-Jan-2011",1,NA
"61","01/01/2011",797,52,"Albion Street North",15,"Saturday","01-Jan-11",1,2011,1,"Saturday/01-Jan-2011","Jan-11","00-2011","00, 01-Jan-2011",1,NA
"62","01/01/2011",564,52,"Albion Street North",16,"Saturday","01-Jan-11",1,2011,1,"Saturday/01-Jan-2011","Jan-11","00-2011","00, 01-Jan-2011",1,NA
"63","01/01/2011",217,52,"Albion Street North",17,"Saturday","01-Jan-11",1,2011,1,"Saturday/01-Jan-2011","Jan-11","00-2011","00, 01-Jan-2011",1,NA
"64","01/01/2011",94,52,"Albion Street North",18,"Saturday","01-Jan-11",1,2011,1,"Saturday/01-Jan-2011","Jan-11","00-2011","00, 01-Jan-2011",1,NA
"65","01/01/2011",59,52,"Albion Street North",19,"Saturday","01-Jan-11",1,2011,1,"Saturday/01-Jan-2011","Jan-11","00-2011","00, 01-Jan-2011",1,NA
"66","01/01/2011",24,52,"Albion Street North",20,"Saturday","01-Jan-11",1,2011,1,"Saturday/01-Jan-2011","Jan-11","00-2011","00, 01-Jan-2011",1,NA
"67","01/01/2011",30,52,"Albion Street North",21,"Saturday","01-Jan-11",1,2011,1,"Saturday/01-Jan-2011","Jan-11","00-2011","00, 01-Jan-2011",1,NA
"68","01/01/2011",18,52,"Albion Street North",22,"Saturday","01-Jan-11",1,2011,1,"Saturday/01-Jan-2011","Jan-11","00-2011","00, 01-Jan-2011",1,NA
"69","01/01/2011",28,52,"Albion Street North",23,"Saturday","01-Jan-11",1,2011,1,"Saturday/01-Jan-2011","Jan-11","00-2011","00, 01-Jan-2011",1,NA
"70","01/01/2011",228,52,"Albion Street South",0,"Saturday","01-Jan-11",1,2011,1,"Saturday/01-Jan-2011","Jan-11","00-2011","00, 01-Jan-2011",1,NA
"71","01/01/2011",183,52,"Albion Street South",1,"Saturday","01-Jan-11",1,2011,1,"Saturday/01-Jan-2011","Jan-11","00-2011","00, 01-Jan-2011",1,NA
"72","01/01/2011",180,52,"Albion Street South",2,"Saturday","01-Jan-11",1,2011,1,"Saturday/01-Jan-2011","Jan-11","00-2011","00, 01-Jan-2011",1,NA
"73","01/01/2011",138,52,"Albion Street South",3,"Saturday","01-Jan-11",1,2011,1,"Saturday/01-Jan-2011","Jan-11","00-2011","00, 01-Jan-2011",1,NA
"74","01/01/2011",92,52,"Albion Street South",4,"Saturday","01-Jan-11",1,2011,1,"Saturday/01-Jan-2011","Jan-11","00-2011","00, 01-Jan-2011",1,NA
"75","01/01/2011",33,52,"Albion Street South",5,"Saturday","01-Jan-11",1,2011,1,"Saturday/01-Jan-2011","Jan-11","00-2011","00, 01-Jan-2011",1,NA
"76","01/01/2011",33,52,"Albion Street South",6,"Saturday","01-Jan-11",1,2011,1,"Saturday/01-Jan-2011","Jan-11","00-2011","00, 01-Jan-2011",1,NA
"77","01/01/2011",23,52,"Albion Street South",7,"Saturday","01-Jan-11",1,2011,1,"Saturday/01-Jan-2011","Jan-11","00-2011","00, 01-Jan-2011",1,NA
"78","01/01/2011",37,52,"Albion Street South",8,"Saturday","01-Jan-11",1,2011,1,"Saturday/01-Jan-2011","Jan-11","00-2011","00, 01-Jan-2011",1,NA
"79","01/01/2011",137,52,"Albion Street South",9,"Saturday","01-Jan-11",1,2011,1,"Saturday/01-Jan-2011","Jan-11","00-2011","00, 01-Jan-2011",1,NA
"80","01/01/2011",254,52,"Albion Street South",10,"Saturday","01-Jan-11",1,2011,1,"Saturday/01-Jan-2011","Jan-11","00-2011","00, 01-Jan-2011",1,NA
"81","01/01/2011",479,52,"Albion Street South",11,"Saturday","01-Jan-11",1,2011,1,"Saturday/01-Jan-2011","Jan-11","00-2011","00, 01-Jan-2011",1,NA
"82","01/01/2011",614,52,"Albion Street South",12,"Saturday","01-Jan-11",1,2011,1,"Saturday/01-Jan-2011","Jan-11","00-2011","00, 01-Jan-2011",1,NA
"83","01/01/2011",687,52,"Albion Street South",13,"Saturday","01-Jan-11",1,2011,1,"Saturday/01-Jan-2011","Jan-11","00-2011","00, 01-Jan-2011",1,NA
"84","01/01/2011",705,52,"Albion Street South",14,"Saturday","01-Jan-11",1,2011,1,"Saturday/01-Jan-2011","Jan-11","00-2011","00, 01-Jan-2011",1,NA
"85","01/01/2011",749,52,"Albion Street South",15,"Saturday","01-Jan-11",1,2011,1,"Saturday/01-Jan-2011","Jan-11","00-2011","00, 01-Jan-2011",1,NA
"86","01/01/2011",501,52,"Albion Street South",16,"Saturday","01-Jan-11",1,2011,1,"Saturday/01-Jan-2011","Jan-11","00-2011","00, 01-Jan-2011",1,NA
"87","01/01/2011",208,52,"Albion Street South",17,"Saturday","01-Jan-11",1,2011,1,"Saturday/01-Jan-2011","Jan-11","00-2011","00, 01-Jan-2011",1,NA
"88","01/01/2011",125,52,"Albion Street South",18,"Saturday","01-Jan-11",1,2011,1,"Saturday/01-Jan-2011","Jan-11","00-2011","00, 01-Jan-2011",1,NA
"89","01/01/2011",103,52,"Albion Street South",19,"Saturday","01-Jan-11",1,2011,1,"Saturday/01-Jan-2011","Jan-11","00-2011","00, 01-Jan-2011",1,NA
"90","01/01/2011",63,52,"Albion Street South",20,"Saturday","01-Jan-11",1,2011,1,"Saturday/01-Jan-2011","Jan-11","00-2011","00, 01-Jan-2011",1,NA
"91","01/01/2011",63,52,"Albion Street South",21,"Saturday","01-Jan-11",1,2011,1,"Saturday/01-Jan-2011","Jan-11","00-2011","00, 01-Jan-2011",1,NA
"92","01/01/2011",36,52,"Albion Street South",22,"Saturday","01-Jan-11",1,2011,1,"Saturday/01-Jan-2011","Jan-11","00-2011","00, 01-Jan-2011",1,NA
"93","01/01/2011",43,52,"Albion Street South",23,"Saturday","01-Jan-11",1,2011,1,"Saturday/01-Jan-2011","Jan-11","00-2011","00, 01-Jan-2011",1,NA
"94","01/01/2011",77,52,"Commercial Street at Barratts",0,"Saturday","01-Jan-11",1,2011,1,"Saturday/01-Jan-2011","Jan-11","00-2011","00, 01-Jan-2011",1,NA
"95","01/01/2011",75,52,"Commercial Street at Barratts",1,"Saturday","01-Jan-11",1,2011,1,"Saturday/01-Jan-2011","Jan-11","00-2011","00, 01-Jan-2011",1,NA
"96","01/01/2011",51,52,"Commercial Street at Barratts",2,"Saturday","01-Jan-11",1,2011,1,"Saturday/01-Jan-2011","Jan-11","00-2011","00, 01-Jan-2011",1,NA
"97","01/01/2011",42,52,"Commercial Street at Barratts",3,"Saturday","01-Jan-11",1,2011,1,"Saturday/01-Jan-2011","Jan-11","00-2011","00, 01-Jan-2011",1,NA
"98","01/01/2011",50,52,"Commercial Street at Barratts",4,"Saturday","01-Jan-11",1,2011,1,"Saturday/01-Jan-2011","Jan-11","00-2011","00, 01-Jan-2011",1,NA
"99","01/01/2011",23,52,"Commercial Street at Barratts",5,"Saturday","01-Jan-11",1,2011,1,"Saturday/01-Jan-2011","Jan-11","00-2011","00, 01-Jan-2011",1,NA
"100","01/01/2011",14,52,"Commercial Street at Barratts",6,"Saturday","01-Jan-11",1,2011,1,"Saturday/01-Jan-2011","Jan-11","00-2011","00, 01-Jan-2011",1,NA
"101","01/01/2011",7,52,"Commercial Street at Barratts",7,"Saturday","01-Jan-11",1,2011,1,"Saturday/01-Jan-2011","Jan-11","00-2011","00, 01-Jan-2011",1,NA
"102","01/01/2011",33,52,"Commercial Street at Barratts",8,"Saturday","01-Jan-11",1,2011,1,"Saturday/01-Jan-2011","Jan-11","00-2011","00, 01-Jan-2011",1,NA
"103","01/01/2011",72,52,"Commercial Street at Barratts",9,"Saturday","01-Jan-11",1,2011,1,"Saturday/01-Jan-2011","Jan-11","00-2011","00, 01-Jan-2011",1,NA
"104","01/01/2011",208,52,"Commercial Street at Barratts",10,"Saturday","01-Jan-11",1,2011,1,"Saturday/01-Jan-2011","Jan-11","00-2011","00, 01-Jan-2011",1,NA
"105","01/01/2011",360,52,"Commercial Street at Barratts",11,"Saturday","01-Jan-11",1,2011,1,"Saturday/01-Jan-2011","Jan-11","00-2011","00, 01-Jan-2011",1,NA
"106","01/01/2011",560,52,"Commercial Street at Barratts",12,"Saturday","01-Jan-11",1,2011,1,"Saturday/01-Jan-2011","Jan-11","00-2011","00, 01-Jan-2011",1,NA
"107","01/01/2011",614,52,"Commercial Street at Barratts",13,"Saturday","01-Jan-11",1,2011,1,"Saturday/01-Jan-2011","Jan-11","00-2011","00, 01-Jan-2011",1,NA
"108","01/01/2011",751,52,"Commercial Street at Barratts",14,"Saturday","01-Jan-11",1,2011,1,"Saturday/01-Jan-2011","Jan-11","00-2011","00, 01-Jan-2011",1,NA
"109","01/01/2011",773,52,"Commercial Street at Barratts",15,"Saturday","01-Jan-11",1,2011,1,"Saturday/01-Jan-2011","Jan-11","00-2011","00, 01-Jan-2011",1,NA
"110","01/01/2011",372,52,"Commercial Street at Barratts",16,"Saturday","01-Jan-11",1,2011,1,"Saturday/01-Jan-2011","Jan-11","00-2011","00, 01-Jan-2011",1,NA
"111","01/01/2011",146,52,"Commercial Street at Barratts",17,"Saturday","01-Jan-11",1,2011,1,"Saturday/01-Jan-2011","Jan-11","00-2011","00, 01-Jan-2011",1,NA
"112","01/01/2011",110,52,"Commercial Street at Barratts",18,"Saturday","01-Jan-11",1,2011,1,"Saturday/01-Jan-2011","Jan-11","00-2011","00, 01-Jan-2011",1,NA
"113","01/01/2011",104,52,"Commercial Street at Barratts",19,"Saturday","01-Jan-11",1,2011,1,"Saturday/01-Jan-2011","Jan-11","00-2011","00, 01-Jan-2011",1,NA
"114","01/01/2011",129,52,"Commercial Street at Barratts",20,"Saturday","01-Jan-11",1,2011,1,"Saturday/01-Jan-2011","Jan-11","00-2011","00, 01-Jan-2011",1,NA
"115","01/01/2011",115,52,"Commercial Street at Barratts",21,"Saturday","01-Jan-11",1,2011,1,"Saturday/01-Jan-2011","Jan-11","00-2011","00, 01-Jan-2011",1,NA
"116","01/01/2011",116,52,"Commercial Street at Barratts",22,"Saturday","01-Jan-11",1,2011,1,"Saturday/01-Jan-2011","Jan-11","00-2011","00, 01-Jan-2011",1,NA
"117","01/01/2011",103,52,"Commercial Street at Barratts",23,"Saturday","01-Jan-11",1,2011,1,"Saturday/01-Jan-2011","Jan-11","00-2011","00, 01-Jan-2011",1,NA
"118","01/01/2011",18,52,"Commercial Street at Sharps",0,"Saturday","01-Jan-11",1,2011,1,"Saturday/01-Jan-2011","Jan-11","00-2011","00, 01-Jan-2011",1,NA
"119","01/01/2011",37,52,"Commercial Street at Sharps",1,"Saturday","01-Jan-11",1,2011,1,"Saturday/01-Jan-2011","Jan-11","00-2011","00, 01-Jan-2011",1,NA
"120","01/01/2011",34,52,"Commercial Street at Sharps",2,"Saturday","01-Jan-11",1,2011,1,"Saturday/01-Jan-2011","Jan-11","00-2011","00, 01-Jan-2011",1,NA
"121","01/01/2011",27,52,"Commercial Street at Sharps",3,"Saturday","01-Jan-11",1,2011,1,"Saturday/01-Jan-2011","Jan-11","00-2011","00, 01-Jan-2011",1,NA
"122","01/01/2011",46,52,"Commercial Street at Sharps",4,"Saturday","01-Jan-11",1,2011,1,"Saturday/01-Jan-2011","Jan-11","00-2011","00, 01-Jan-2011",1,NA
"123","01/01/2011",21,52,"Commercial Street at Sharps",5,"Saturday","01-Jan-11",1,2011,1,"Saturday/01-Jan-2011","Jan-11","00-2011","00, 01-Jan-2011",1,NA
"124","01/01/2011",24,52,"Commercial Street at Sharps",6,"Saturday","01-Jan-11",1,2011,1,"Saturday/01-Jan-2011","Jan-11","00-2011","00, 01-Jan-2011",1,NA
"125","01/01/2011",9,52,"Commercial Street at Sharps",7,"Saturday","01-Jan-11",1,2011,1,"Saturday/01-Jan-2011","Jan-11","00-2011","00, 01-Jan-2011",1,NA
"126","01/01/2011",42,52,"Commercial Street at Sharps",8,"Saturday","01-Jan-11",1,2011,1,"Saturday/01-Jan-2011","Jan-11","00-2011","00, 01-Jan-2011",1,NA
"127","01/01/2011",99,52,"Commercial Street at Sharps",9,"Saturday","01-Jan-11",1,2011,1,"Saturday/01-Jan-2011","Jan-11","00-2011","00, 01-Jan-2011",1,NA
"128","01/01/2011",283,52,"Commercial Street at Sharps",10,"Saturday","01-Jan-11",1,2011,1,"Saturday/01-Jan-2011","Jan-11","00-2011","00, 01-Jan-2011",1,NA
"129","01/01/2011",567,52,"Commercial Street at Sharps",11,"Saturday","01-Jan-11",1,2011,1,"Saturday/01-Jan-2011","Jan-11","00-2011","00, 01-Jan-2011",1,NA
"130","01/01/2011",777,52,"Commercial Street at Sharps",12,"Saturday","01-Jan-11",1,2011,1,"Saturday/01-Jan-2011","Jan-11","00-2011","00, 01-Jan-2011",1,NA
"131","01/01/2011",862,52,"Commercial Street at Sharps",13,"Saturday","01-Jan-11",1,2011,1,"Saturday/01-Jan-2011","Jan-11","00-2011","00, 01-Jan-2011",1,NA
"132","01/01/2011",1021,52,"Commercial Street at Sharps",14,"Saturday","01-Jan-11",1,2011,1,"Saturday/01-Jan-2011","Jan-11","00-2011","00, 01-Jan-2011",1,NA
"133","01/01/2011",1139,52,"Commercial Street at Sharps",15,"Saturday","01-Jan-11",1,2011,1,"Saturday/01-Jan-2011","Jan-11","00-2011","00, 01-Jan-2011",1,NA
"134","01/01/2011",423,52,"Commercial Street at Sharps",16,"Saturday","01-Jan-11",1,2011,1,"Saturday/01-Jan-2011","Jan-11","00-2011","00, 01-Jan-2011",1,NA
"135","01/01/2011",120,52,"Commercial Street at Sharps",17,"Saturday","01-Jan-11",1,2011,1,"Saturday/01-Jan-2011","Jan-11","00-2011","00, 01-Jan-2011",1,NA
"136","01/01/2011",40,52,"Commercial Street at Sharps",18,"Saturday","01-Jan-11",1,2011,1,"Saturday/01-Jan-2011","Jan-11","00-2011","00, 01-Jan-2011",1,NA
"137","01/01/2011",43,52,"Commercial Street at Sharps",19,"Saturday","01-Jan-11",1,2011,1,"Saturday/01-Jan-2011","Jan-11","00-2011","00, 01-Jan-2011",1,NA
"138","01/01/2011",33,52,"Commercial Street at Sharps",20,"Saturday","01-Jan-11",1,2011,1,"Saturday/01-Jan-2011","Jan-11","00-2011","00, 01-Jan-2011",1,NA
"139","01/01/2011",25,52,"Commercial Street at Sharps",21,"Saturday","01-Jan-11",1,2011,1,"Saturday/01-Jan-2011","Jan-11","00-2011","00, 01-Jan-2011",1,NA
"140","01/01/2011",14,52,"Commercial Street at Sharps",22,"Saturday","01-Jan-11",1,2011,1,"Saturday/01-Jan-2011","Jan-11","00-2011","00, 01-Jan-2011",1,NA
"141","01/01/2011",21,52,"Commercial Street at Sharps",23,"Saturday","01-Jan-11",1,2011,1,"Saturday/01-Jan-2011","Jan-11","00-2011","00, 01-Jan-2011",1,NA
"142","01/01/2011",159,52,"Headrow",0,"Saturday","01-Jan-11",1,2011,1,"Saturday/01-Jan-2011","Jan-11","00-2011","00, 01-Jan-2011",1,NA
"143","01/01/2011",144,52,"Headrow",1,"Saturday","01-Jan-11",1,2011,1,"Saturday/01-Jan-2011","Jan-11","00-2011","00, 01-Jan-2011",1,NA
"144","01/01/2011",116,52,"Headrow",2,"Saturday","01-Jan-11",1,2011,1,"Saturday/01-Jan-2011","Jan-11","00-2011","00, 01-Jan-2011",1,NA
"145","01/01/2011",97,52,"Headrow",3,"Saturday","01-Jan-11",1,2011,1,"Saturday/01-Jan-2011","Jan-11","00-2011","00, 01-Jan-2011",1,NA
"146","01/01/2011",61,52,"Headrow",4,"Saturday","01-Jan-11",1,2011,1,"Saturday/01-Jan-2011","Jan-11","00-2011","00, 01-Jan-2011",1,NA
"147","01/01/2011",31,52,"Headrow",5,"Saturday","01-Jan-11",1,2011,1,"Saturday/01-Jan-2011","Jan-11","00-2011","00, 01-Jan-2011",1,NA
"148","01/01/2011",18,52,"Headrow",6,"Saturday","01-Jan-11",1,2011,1,"Saturday/01-Jan-2011","Jan-11","00-2011","00, 01-Jan-2011",1,NA
"149","01/01/2011",10,52,"Headrow",7,"Saturday","01-Jan-11",1,2011,1,"Saturday/01-Jan-2011","Jan-11","00-2011","00, 01-Jan-2011",1,NA
"150","01/01/2011",28,52,"Headrow",8,"Saturday","01-Jan-11",1,2011,1,"Saturday/01-Jan-2011","Jan-11","00-2011","00, 01-Jan-2011",1,NA
"151","01/01/2011",56,52,"Headrow",9,"Saturday","01-Jan-11",1,2011,1,"Saturday/01-Jan-2011","Jan-11","00-2011","00, 01-Jan-2011",1,NA
"152","01/01/2011",100,52,"Headrow",10,"Saturday","01-Jan-11",1,2011,1,"Saturday/01-Jan-2011","Jan-11","00-2011","00, 01-Jan-2011",1,NA
"153","01/01/2011",169,52,"Headrow",11,"Saturday","01-Jan-11",1,2011,1,"Saturday/01-Jan-2011","Jan-11","00-2011","00, 01-Jan-2011",1,NA
"154","01/01/2011",297,52,"Headrow",12,"Saturday","01-Jan-11",1,2011,1,"Saturday/01-Jan-2011","Jan-11","00-2011","00, 01-Jan-2011",1,NA
"155","01/01/2011",392,52,"Headrow",13,"Saturday","01-Jan-11",1,2011,1,"Saturday/01-Jan-2011","Jan-11","00-2011","00, 01-Jan-2011",1,NA
"156","01/01/2011",523,52,"Headrow",14,"Saturday","01-Jan-11",1,2011,1,"Saturday/01-Jan-2011","Jan-11","00-2011","00, 01-Jan-2011",1,NA
"157","01/01/2011",480,52,"Headrow",15,"Saturday","01-Jan-11",1,2011,1,"Saturday/01-Jan-2011","Jan-11","00-2011","00, 01-Jan-2011",1,NA
"158","01/01/2011",363,52,"Headrow",16,"Saturday","01-Jan-11",1,2011,1,"Saturday/01-Jan-2011","Jan-11","00-2011","00, 01-Jan-2011",1,NA
"159","01/01/2011",174,52,"Headrow",17,"Saturday","01-Jan-11",1,2011,1,"Saturday/01-Jan-2011","Jan-11","00-2011","00, 01-Jan-2011",1,NA
"160","01/01/2011",78,52,"Headrow",18,"Saturday","01-Jan-11",1,2011,1,"Saturday/01-Jan-2011","Jan-11","00-2011","00, 01-Jan-2011",1,NA
"161","01/01/2011",67,52,"Headrow",19,"Saturday","01-Jan-11",1,2011,1,"Saturday/01-Jan-2011","Jan-11","00-2011","00, 01-Jan-2011",1,NA
"162","01/01/2011",70,52,"Headrow",20,"Saturday","01-Jan-11",1,2011,1,"Saturday/01-Jan-2011","Jan-11","00-2011","00, 01-Jan-2011",1,NA
"163","01/01/2011",60,52,"Headrow",21,"Saturday","01-Jan-11",1,2011,1,"Saturday/01-Jan-2011","Jan-11","00-2011","00, 01-Jan-2011",1,NA
"164","01/01/2011",50,52,"Headrow",22,"Saturday","01-Jan-11",1,2011,1,"Saturday/01-Jan-2011","Jan-11","00-2011","00, 01-Jan-2011",1,NA
"165","01/01/2011",28,52,"Headrow",23,"Saturday","01-Jan-11",1,2011,1,"Saturday/01-Jan-2011","Jan-11","00-2011","00, 01-Jan-2011",1,NA
"166","01/01/2011",547,52,"Dortmund Square",0,"Saturday","01-Jan-11",1,2011,1,"Saturday/01-Jan-2011","Jan-11","00-2011","00, 01-Jan-2011",1,NA
"167","01/01/2011",270,52,"Dortmund Square",1,"Saturday","01-Jan-11",1,2011,1,"Saturday/01-Jan-2011","Jan-11","00-2011","00, 01-Jan-2011",1,NA
"168","01/01/2011",284,52,"Dortmund Square",2,"Saturday","01-Jan-11",1,2011,1,"Saturday/01-Jan-2011","Jan-11","00-2011","00, 01-Jan-2011",1,NA
"169","01/01/2011",209,52,"Dortmund Square",3,"Saturday","01-Jan-11",1,2011,1,"Saturday/01-Jan-2011","Jan-11","00-2011","00, 01-Jan-2011",1,NA
"170","01/01/2011",151,52,"Dortmund Square",4,"Saturday","01-Jan-11",1,2011,1,"Saturday/01-Jan-2011","Jan-11","00-2011","00, 01-Jan-2011",1,NA
"171","01/01/2011",76,52,"Dortmund Square",5,"Saturday","01-Jan-11",1,2011,1,"Saturday/01-Jan-2011","Jan-11","00-2011","00, 01-Jan-2011",1,NA
"172","01/01/2011",37,52,"Dortmund Square",6,"Saturday","01-Jan-11",1,2011,1,"Saturday/01-Jan-2011","Jan-11","00-2011","00, 01-Jan-2011",1,NA
"173","01/01/2011",107,52,"Dortmund Square",7,"Saturday","01-Jan-11",1,2011,1,"Saturday/01-Jan-2011","Jan-11","00-2011","00, 01-Jan-2011",1,NA
"174","01/01/2011",23,52,"Dortmund Square",8,"Saturday","01-Jan-11",1,2011,1,"Saturday/01-Jan-2011","Jan-11","00-2011","00, 01-Jan-2011",1,NA
"175","01/01/2011",71,52,"Dortmund Square",9,"Saturday","01-Jan-11",1,2011,1,"Saturday/01-Jan-2011","Jan-11","00-2011","00, 01-Jan-2011",1,NA
"176","01/01/2011",179,52,"Dortmund Square",10,"Saturday","01-Jan-11",1,2011,1,"Saturday/01-Jan-2011","Jan-11","00-2011","00, 01-Jan-2011",1,NA
"177","01/01/2011",275,52,"Dortmund Square",11,"Saturday","01-Jan-11",1,2011,1,"Saturday/01-Jan-2011","Jan-11","00-2011","00, 01-Jan-2011",1,NA
"178","01/01/2011",406,52,"Dortmund Square",12,"Saturday","01-Jan-11",1,2011,1,"Saturday/01-Jan-2011","Jan-11","00-2011","00, 01-Jan-2011",1,NA
"179","01/01/2011",548,52,"Dortmund Square",13,"Saturday","01-Jan-11",1,2011,1,"Saturday/01-Jan-2011","Jan-11","00-2011","00, 01-Jan-2011",1,NA
"180","01/01/2011",682,52,"Dortmund Square",14,"Saturday","01-Jan-11",1,2011,1,"Saturday/01-Jan-2011","Jan-11","00-2011","00, 01-Jan-2011",1,NA
"181","01/01/2011",715,52,"Dortmund Square",15,"Saturday","01-Jan-11",1,2011,1,"Saturday/01-Jan-2011","Jan-11","00-2011","00, 01-Jan-2011",1,NA
"182","01/01/2011",599,52,"Dortmund Square",16,"Saturday","01-Jan-11",1,2011,1,"Saturday/01-Jan-2011","Jan-11","00-2011","00, 01-Jan-2011",1,NA
"183","01/01/2011",396,52,"Dortmund Square",17,"Saturday","01-Jan-11",1,2011,1,"Saturday/01-Jan-2011","Jan-11","00-2011","00, 01-Jan-2011",1,46522
"184","01/01/2011",139,52,"Dortmund Square",18,"Saturday","01-Jan-11",1,2011,1,"Saturday/01-Jan-2011","Jan-11","00-2011","00, 01-Jan-2011",1,NA
"185","01/01/2011",110,52,"Dortmund Square",19,"Saturday","01-Jan-11",1,2011,1,"Saturday/01-Jan-2011","Jan-11","00-2011","00, 01-Jan-2011",1,NA
"186","01/01/2011",75,52,"Dortmund Square",20,"Saturday","01-Jan-11",1,2011,1,"Saturday/01-Jan-2011","Jan-11","00-2011","00, 01-Jan-2011",1,NA
"187","01/01/2011",58,52,"Dortmund Square",21,"Saturday","01-Jan-11",1,2011,1,"Saturday/01-Jan-2011","Jan-11","00-2011","00, 01-Jan-2011",1,NA
"188","01/01/2011",35,52,"Dortmund Square",22,"Saturday","01-Jan-11",1,2011,1,"Saturday/01-Jan-2011","Jan-11","00-2011","00, 01-Jan-2011",1,NA
"189","01/01/2011",60,52,"Dortmund Square",23,"Saturday","01-Jan-11",1,2011,1,"Saturday/01-Jan-2011","Jan-11","00-2011","00, 01-Jan-2011",1,NA
"190","02/01/2011",140,52,"Briggate",0,"Sunday","02-Jan-11",1,2011,2,"Sunday/02-Jan-2011","Jan-11","00-2011","00, 02-Jan-2011",1,NA
"191","02/01/2011",76,52,"Briggate",1,"Sunday","02-Jan-11",1,2011,2,"Sunday/02-Jan-2011","Jan-11","00-2011","00, 02-Jan-2011",1,NA
"192","02/01/2011",79,52,"Briggate",2,"Sunday","02-Jan-11",1,2011,2,"Sunday/02-Jan-2011","Jan-11","00-2011","00, 02-Jan-2011",1,NA
"193","02/01/2011",58,52,"Briggate",3,"Sunday","02-Jan-11",1,2011,2,"Sunday/02-Jan-2011","Jan-11","00-2011","00, 02-Jan-2011",1,NA
"194","02/01/2011",59,52,"Briggate",4,"Sunday","02-Jan-11",1,2011,2,"Sunday/02-Jan-2011","Jan-11","00-2011","00, 02-Jan-2011",1,NA
"195","02/01/2011",73,52,"Briggate",5,"Sunday","02-Jan-11",1,2011,2,"Sunday/02-Jan-2011","Jan-11","00-2011","00, 02-Jan-2011",1,NA
"196","02/01/2011",74,52,"Briggate",6,"Sunday","02-Jan-11",1,2011,2,"Sunday/02-Jan-2011","Jan-11","00-2011","00, 02-Jan-2011",1,NA
"197","02/01/2011",53,52,"Briggate",7,"Sunday","02-Jan-11",1,2011,2,"Sunday/02-Jan-2011","Jan-11","00-2011","00, 02-Jan-2011",1,NA
"198","02/01/2011",51,52,"Briggate",8,"Sunday","02-Jan-11",1,2011,2,"Sunday/02-Jan-2011","Jan-11","00-2011","00, 02-Jan-2011",1,NA
"199","02/01/2011",125,52,"Briggate",9,"Sunday","02-Jan-11",1,2011,2,"Sunday/02-Jan-2011","Jan-11","00-2011","00, 02-Jan-2011",1,NA
"200","02/01/2011",662,52,"Briggate",10,"Sunday","02-Jan-11",1,2011,2,"Sunday/02-Jan-2011","Jan-11","00-2011","00, 02-Jan-2011",1,NA
"201","02/01/2011",1198,52,"Briggate",11,"Sunday","02-Jan-11",1,2011,2,"Sunday/02-Jan-2011","Jan-11","00-2011","00, 02-Jan-2011",1,NA
"202","02/01/2011",2241,52,"Briggate",12,"Sunday","02-Jan-11",1,2011,2,"Sunday/02-Jan-2011","Jan-11","00-2011","00, 02-Jan-2011",1,NA
"203","02/01/2011",3156,52,"Briggate",13,"Sunday","02-Jan-11",1,2011,2,"Sunday/02-Jan-2011","Jan-11","00-2011","00, 02-Jan-2011",1,NA
"204","02/01/2011",3629,52,"Briggate",14,"Sunday","02-Jan-11",1,2011,2,"Sunday/02-Jan-2011","Jan-11","00-2011","00, 02-Jan-2011",1,NA
"205","02/01/2011",3118,52,"Briggate",15,"Sunday","02-Jan-11",1,2011,2,"Sunday/02-Jan-2011","Jan-11","00-2011","00, 02-Jan-2011",1,NA
"206","02/01/2011",1979,52,"Briggate",16,"Sunday","02-Jan-11",1,2011,2,"Sunday/02-Jan-2011","Jan-11","00-2011","00, 02-Jan-2011",1,NA
"207","02/01/2011",871,52,"Briggate",17,"Sunday","02-Jan-11",1,2011,2,"Sunday/02-Jan-2011","Jan-11","00-2011","00, 02-Jan-2011",1,NA
"208","02/01/2011",366,52,"Briggate",18,"Sunday","02-Jan-11",1,2011,2,"Sunday/02-Jan-2011","Jan-11","00-2011","00, 02-Jan-2011",1,NA
"209","02/01/2011",331,52,"Briggate",19,"Sunday","02-Jan-11",1,2011,2,"Sunday/02-Jan-2011","Jan-11","00-2011","00, 02-Jan-2011",1,NA
"210","02/01/2011",291,52,"Briggate",20,"Sunday","02-Jan-11",1,2011,2,"Sunday/02-Jan-2011","Jan-11","00-2011","00, 02-Jan-2011",1,NA
"211","02/01/2011",195,52,"Briggate",21,"Sunday","02-Jan-11",1,2011,2,"Sunday/02-Jan-2011","Jan-11","00-2011","00, 02-Jan-2011",1,NA
"212","02/01/2011",170,52,"Briggate",22,"Sunday","02-Jan-11",1,2011,2,"Sunday/02-Jan-2011","Jan-11","00-2011","00, 02-Jan-2011",1,NA
"213","02/01/2011",158,52,"Briggate",23,"Sunday","02-Jan-11",1,2011,2,"Sunday/02-Jan-2011","Jan-11","00-2011","00, 02-Jan-2011",1,NA
"214","02/01/2011",57,52,"Briggate at McDonalds",0,"Sunday","02-Jan-11",1,2011,2,"Sunday/02-Jan-2011","Jan-11","00-2011","00, 02-Jan-2011",1,NA
"215","02/01/2011",60,52,"Briggate at McDonalds",1,"Sunday","02-Jan-11",1,2011,2,"Sunday/02-Jan-2011","Jan-11","00-2011","00, 02-Jan-2011",1,NA
"216","02/01/2011",79,52,"Briggate at McDonalds",2,"Sunday","02-Jan-11",1,2011,2,"Sunday/02-Jan-2011","Jan-11","00-2011","00, 02-Jan-2011",1,NA
"217","02/01/2011",150,52,"Briggate at McDonalds",3,"Sunday","02-Jan-11",1,2011,2,"Sunday/02-Jan-2011","Jan-11","00-2011","00, 02-Jan-2011",1,NA
"218","02/01/2011",49,52,"Briggate at McDonalds",4,"Sunday","02-Jan-11",1,2011,2,"Sunday/02-Jan-2011","Jan-11","00-2011","00, 02-Jan-2011",1,NA
"219","02/01/2011",11,52,"Briggate at McDonalds",5,"Sunday","02-Jan-11",1,2011,2,"Sunday/02-Jan-2011","Jan-11","00-2011","00, 02-Jan-2011",1,NA
"220","02/01/2011",8,52,"Briggate at McDonalds",6,"Sunday","02-Jan-11",1,2011,2,"Sunday/02-Jan-2011","Jan-11","00-2011","00, 02-Jan-2011",1,NA
"221","02/01/2011",16,52,"Briggate at McDonalds",7,"Sunday","02-Jan-11",1,2011,2,"Sunday/02-Jan-2011","Jan-11","00-2011","00, 02-Jan-2011",1,NA
"222","02/01/2011",61,52,"Briggate at McDonalds",8,"Sunday","02-Jan-11",1,2011,2,"Sunday/02-Jan-2011","Jan-11","00-2011","00, 02-Jan-2011",1,NA
"223","02/01/2011",156,52,"Briggate at McDonalds",9,"Sunday","02-Jan-11",1,2011,2,"Sunday/02-Jan-2011","Jan-11","00-2011","00, 02-Jan-2011",1,NA
"224","02/01/2011",610,52,"Briggate at McDonalds",10,"Sunday","02-Jan-11",1,2011,2,"Sunday/02-Jan-2011","Jan-11","00-2011","00, 02-Jan-2011",1,NA
"225","02/01/2011",914,52,"Briggate at McDonalds",11,"Sunday","02-Jan-11",1,2011,2,"Sunday/02-Jan-2011","Jan-11","00-2011","00, 02-Jan-2011",1,NA
"226","02/01/2011",1201,52,"Briggate at McDonalds",12,"Sunday","02-Jan-11",1,2011,2,"Sunday/02-Jan-2011","Jan-11","00-2011","00, 02-Jan-2011",1,NA
"227","02/01/2011",1398,52,"Briggate at McDonalds",13,"Sunday","02-Jan-11",1,2011,2,"Sunday/02-Jan-2011","Jan-11","00-2011","00, 02-Jan-2011",1,NA
"228","02/01/2011",1429,52,"Briggate at McDonalds",14,"Sunday","02-Jan-11",1,2011,2,"Sunday/02-Jan-2011","Jan-11","00-2011","00, 02-Jan-2011",1,NA
"229","02/01/2011",1315,52,"Briggate at McDonalds",15,"Sunday","02-Jan-11",1,2011,2,"Sunday/02-Jan-2011","Jan-11","00-2011","00, 02-Jan-2011",1,NA
"230","02/01/2011",516,52,"Briggate at McDonalds",16,"Sunday","02-Jan-11",1,2011,2,"Sunday/02-Jan-2011","Jan-11","00-2011","00, 02-Jan-2011",1,NA
"231","02/01/2011",173,52,"Briggate at McDonalds",17,"Sunday","02-Jan-11",1,2011,2,"Sunday/02-Jan-2011","Jan-11","00-2011","00, 02-Jan-2011",1,NA
"232","02/01/2011",78,52,"Briggate at McDonalds",18,"Sunday","02-Jan-11",1,2011,2,"Sunday/02-Jan-2011","Jan-11","00-2011","00, 02-Jan-2011",1,NA
"233","02/01/2011",29,52,"Briggate at McDonalds",19,"Sunday","02-Jan-11",1,2011,2,"Sunday/02-Jan-2011","Jan-11","00-2011","00, 02-Jan-2011",1,NA
"234","02/01/2011",24,52,"Briggate at McDonalds",20,"Sunday","02-Jan-11",1,2011,2,"Sunday/02-Jan-2011","Jan-11","00-2011","00, 02-Jan-2011",1,NA
"235","02/01/2011",18,52,"Briggate at McDonalds",21,"Sunday","02-Jan-11",1,2011,2,"Sunday/02-Jan-2011","Jan-11","00-2011","00, 02-Jan-2011",1,NA
"236","02/01/2011",14,52,"Briggate at McDonalds",22,"Sunday","02-Jan-11",1,2011,2,"Sunday/02-Jan-2011","Jan-11","00-2011","00, 02-Jan-2011",1,NA
"237","02/01/2011",10,52,"Briggate at McDonalds",23,"Sunday","02-Jan-11",1,2011,2,"Sunday/02-Jan-2011","Jan-11","00-2011","00, 02-Jan-2011",1,NA
"238","02/01/2011",25,52,"Albion Street North",0,"Sunday","02-Jan-11",1,2011,2,"Sunday/02-Jan-2011","Jan-11","00-2011","00, 02-Jan-2011",1,NA
"239","02/01/2011",98,52,"Albion Street North",1,"Sunday","02-Jan-11",1,2011,2,"Sunday/02-Jan-2011","Jan-11","00-2011","00, 02-Jan-2011",1,NA
"240","02/01/2011",19,52,"Albion Street North",2,"Sunday","02-Jan-11",1,2011,2,"Sunday/02-Jan-2011","Jan-11","00-2011","00, 02-Jan-2011",1,NA
"241","02/01/2011",34,52,"Albion Street North",3,"Sunday","02-Jan-11",1,2011,2,"Sunday/02-Jan-2011","Jan-11","00-2011","00, 02-Jan-2011",1,NA
"242","02/01/2011",2,52,"Albion Street North",4,"Sunday","02-Jan-11",1,2011,2,"Sunday/02-Jan-2011","Jan-11","00-2011","00, 02-Jan-2011",1,NA
"243","02/01/2011",7,52,"Albion Street North",5,"Sunday","02-Jan-11",1,2011,2,"Sunday/02-Jan-2011","Jan-11","00-2011","00, 02-Jan-2011",1,NA
"244","02/01/2011",2,52,"Albion Street North",6,"Sunday","02-Jan-11",1,2011,2,"Sunday/02-Jan-2011","Jan-11","00-2011","00, 02-Jan-2011",1,NA
"245","02/01/2011",7,52,"Albion Street North",7,"Sunday","02-Jan-11",1,2011,2,"Sunday/02-Jan-2011","Jan-11","00-2011","00, 02-Jan-2011",1,NA
"246","02/01/2011",44,52,"Albion Street North",8,"Sunday","02-Jan-11",1,2011,2,"Sunday/02-Jan-2011","Jan-11","00-2011","00, 02-Jan-2011",1,NA
"247","02/01/2011",94,52,"Albion Street North",9,"Sunday","02-Jan-11",1,2011,2,"Sunday/02-Jan-2011","Jan-11","00-2011","00, 02-Jan-2011",1,NA
"248","02/01/2011",474,52,"Albion Street North",10,"Sunday","02-Jan-11",1,2011,2,"Sunday/02-Jan-2011","Jan-11","00-2011","00, 02-Jan-2011",1,NA
"249","02/01/2011",1237,52,"Albion Street North",11,"Sunday","02-Jan-11",1,2011,2,"Sunday/02-Jan-2011","Jan-11","00-2011","00, 02-Jan-2011",1,NA
"250","02/01/2011",2069,52,"Albion Street North",12,"Sunday","02-Jan-11",1,2011,2,"Sunday/02-Jan-2011","Jan-11","00-2011","00, 02-Jan-2011",1,NA
"251","02/01/2011",2499,52,"Albion Street North",13,"Sunday","02-Jan-11",1,2011,2,"Sunday/02-Jan-2011","Jan-11","00-2011","00, 02-Jan-2011",1,NA
"252","02/01/2011",2810,52,"Albion Street North",14,"Sunday","02-Jan-11",1,2011,2,"Sunday/02-Jan-2011","Jan-11","00-2011","00, 02-Jan-2011",1,NA
"253","02/01/2011",2294,52,"Albion Street North",15,"Sunday","02-Jan-11",1,2011,2,"Sunday/02-Jan-2011","Jan-11","00-2011","00, 02-Jan-2011",1,NA
"254","02/01/2011",1392,52,"Albion Street North",16,"Sunday","02-Jan-11",1,2011,2,"Sunday/02-Jan-2011","Jan-11","00-2011","00, 02-Jan-2011",1,NA
"255","02/01/2011",414,52,"Albion Street North",17,"Sunday","02-Jan-11",1,2011,2,"Sunday/02-Jan-2011","Jan-11","00-2011","00, 02-Jan-2011",1,NA
"256","02/01/2011",114,52,"Albion Street North",18,"Sunday","02-Jan-11",1,2011,2,"Sunday/02-Jan-2011","Jan-11","00-2011","00, 02-Jan-2011",1,NA
"257","02/01/2011",81,52,"Albion Street North",19,"Sunday","02-Jan-11",1,2011,2,"Sunday/02-Jan-2011","Jan-11","00-2011","00, 02-Jan-2011",1,NA
"258","02/01/2011",50,52,"Albion Street North",20,"Sunday","02-Jan-11",1,2011,2,"Sunday/02-Jan-2011","Jan-11","00-2011","00, 02-Jan-2011",1,NA
"259","02/01/2011",35,52,"Albion Street North",21,"Sunday","02-Jan-11",1,2011,2,"Sunday/02-Jan-2011","Jan-11","00-2011","00, 02-Jan-2011",1,NA
"260","02/01/2011",68,52,"Albion Street North",22,"Sunday","02-Jan-11",1,2011,2,"Sunday/02-Jan-2011","Jan-11","00-2011","00, 02-Jan-2011",1,NA
"261","02/01/2011",45,52,"Albion Street North",23,"Sunday","02-Jan-11",1,2011,2,"Sunday/02-Jan-2011","Jan-11","00-2011","00, 02-Jan-2011",1,NA
"262","02/01/2011",23,52,"Albion Street South",0,"Sunday","02-Jan-11",1,2011,2,"Sunday/02-Jan-2011","Jan-11","00-2011","00, 02-Jan-2011",1,NA
"263","02/01/2011",39,52,"Albion Street South",1,"Sunday","02-Jan-11",1,2011,2,"Sunday/02-Jan-2011","Jan-11","00-2011","00, 02-Jan-2011",1,NA
"264","02/01/2011",21,52,"Albion Street South",2,"Sunday","02-Jan-11",1,2011,2,"Sunday/02-Jan-2011","Jan-11","00-2011","00, 02-Jan-2011",1,NA
"265","02/01/2011",35,52,"Albion Street South",3,"Sunday","02-Jan-11",1,2011,2,"Sunday/02-Jan-2011","Jan-11","00-2011","00, 02-Jan-2011",1,NA
"266","02/01/2011",4,52,"Albion Street South",4,"Sunday","02-Jan-11",1,2011,2,"Sunday/02-Jan-2011","Jan-11","00-2011","00, 02-Jan-2011",1,NA
"267","02/01/2011",7,52,"Albion Street South",5,"Sunday","02-Jan-11",1,2011,2,"Sunday/02-Jan-2011","Jan-11","00-2011","00, 02-Jan-2011",1,NA
"268","02/01/2011",4,52,"Albion Street South",6,"Sunday","02-Jan-11",1,2011,2,"Sunday/02-Jan-2011","Jan-11","00-2011","00, 02-Jan-2011",1,NA
"269","02/01/2011",54,52,"Albion Street South",7,"Sunday","02-Jan-11",1,2011,2,"Sunday/02-Jan-2011","Jan-11","00-2011","00, 02-Jan-2011",1,NA
"270","02/01/2011",25,52,"Albion Street South",8,"Sunday","02-Jan-11",1,2011,2,"Sunday/02-Jan-2011","Jan-11","00-2011","00, 02-Jan-2011",1,NA
"271","02/01/2011",105,52,"Albion Street South",9,"Sunday","02-Jan-11",1,2011,2,"Sunday/02-Jan-2011","Jan-11","00-2011","00, 02-Jan-2011",1,NA
"272","02/01/2011",541,52,"Albion Street South",10,"Sunday","02-Jan-11",1,2011,2,"Sunday/02-Jan-2011","Jan-11","00-2011","00, 02-Jan-2011",1,NA
"273","02/01/2011",1387,52,"Albion Street South",11,"Sunday","02-Jan-11",1,2011,2,"Sunday/02-Jan-2011","Jan-11","00-2011","00, 02-Jan-2011",1,NA
"274","02/01/2011",2435,52,"Albion Street South",12,"Sunday","02-Jan-11",1,2011,2,"Sunday/02-Jan-2011","Jan-11","00-2011","00, 02-Jan-2011",1,NA
"275","02/01/2011",2743,52,"Albion Street South",13,"Sunday","02-Jan-11",1,2011,2,"Sunday/02-Jan-2011","Jan-11","00-2011","00, 02-Jan-2011",1,NA
"276","02/01/2011",3326,52,"Albion Street South",14,"Sunday","02-Jan-11",1,2011,2,"Sunday/02-Jan-2011","Jan-11","00-2011","00, 02-Jan-2011",1,NA
"277","02/01/2011",2752,52,"Albion Street South",15,"Sunday","02-Jan-11",1,2011,2,"Sunday/02-Jan-2011","Jan-11","00-2011","00, 02-Jan-2011",1,NA
"278","02/01/2011",1796,52,"Albion Street South",16,"Sunday","02-Jan-11",1,2011,2,"Sunday/02-Jan-2011","Jan-11","00-2011","00, 02-Jan-2011",1,NA
"279","02/01/2011",602,52,"Albion Street South",17,"Sunday","02-Jan-11",1,2011,2,"Sunday/02-Jan-2011","Jan-11","00-2011","00, 02-Jan-2011",1,NA
"280","02/01/2011",189,52,"Albion Street South",18,"Sunday","02-Jan-11",1,2011,2,"Sunday/02-Jan-2011","Jan-11","00-2011","00, 02-Jan-2011",1,NA
"281","02/01/2011",157,52,"Albion Street South",19,"Sunday","02-Jan-11",1,2011,2,"Sunday/02-Jan-2011","Jan-11","00-2011","00, 02-Jan-2011",1,NA
"282","02/01/2011",116,52,"Albion Street South",20,"Sunday","02-Jan-11",1,2011,2,"Sunday/02-Jan-2011","Jan-11","00-2011","00, 02-Jan-2011",1,NA
"283","02/01/2011",75,52,"Albion Street South",21,"Sunday","02-Jan-11",1,2011,2,"Sunday/02-Jan-2011","Jan-11","00-2011","00, 02-Jan-2011",1,NA
"284","02/01/2011",100,52,"Albion Street South",22,"Sunday","02-Jan-11",1,2011,2,"Sunday/02-Jan-2011","Jan-11","00-2011","00, 02-Jan-2011",1,NA
"285","02/01/2011",62,52,"Albion Street South",23,"Sunday","02-Jan-11",1,2011,2,"Sunday/02-Jan-2011","Jan-11","00-2011","00, 02-Jan-2011",1,NA
"286","02/01/2011",23,52,"Commercial Street at Barratts",0,"Sunday","02-Jan-11",1,2011,2,"Sunday/02-Jan-2011","Jan-11","00-2011","00, 02-Jan-2011",1,NA
"287","02/01/2011",13,52,"Commercial Street at Barratts",1,"Sunday","02-Jan-11",1,2011,2,"Sunday/02-Jan-2011","Jan-11","00-2011","00, 02-Jan-2011",1,NA
"288","02/01/2011",8,52,"Commercial Street at Barratts",2,"Sunday","02-Jan-11",1,2011,2,"Sunday/02-Jan-2011","Jan-11","00-2011","00, 02-Jan-2011",1,NA
"289","02/01/2011",0,52,"Commercial Street at Barratts",3,"Sunday","02-Jan-11",1,2011,2,"Sunday/02-Jan-2011","Jan-11","00-2011","00, 02-Jan-2011",1,NA
"290","02/01/2011",6,52,"Commercial Street at Barratts",4,"Sunday","02-Jan-11",1,2011,2,"Sunday/02-Jan-2011","Jan-11","00-2011","00, 02-Jan-2011",1,NA
"291","02/01/2011",38,52,"Commercial Street at Barratts",5,"Sunday","02-Jan-11",1,2011,2,"Sunday/02-Jan-2011","Jan-11","00-2011","00, 02-Jan-2011",1,NA
"292","02/01/2011",7,52,"Commercial Street at Barratts",6,"Sunday","02-Jan-11",1,2011,2,"Sunday/02-Jan-2011","Jan-11","00-2011","00, 02-Jan-2011",1,NA
"293","02/01/2011",49,52,"Commercial Street at Barratts",7,"Sunday","02-Jan-11",1,2011,2,"Sunday/02-Jan-2011","Jan-11","00-2011","00, 02-Jan-2011",1,NA
"294","02/01/2011",30,52,"Commercial Street at Barratts",8,"Sunday","02-Jan-11",1,2011,2,"Sunday/02-Jan-2011","Jan-11","00-2011","00, 02-Jan-2011",1,NA
"295","02/01/2011",122,52,"Commercial Street at Barratts",9,"Sunday","02-Jan-11",1,2011,2,"Sunday/02-Jan-2011","Jan-11","00-2011","00, 02-Jan-2011",1,NA
"296","02/01/2011",568,52,"Commercial Street at Barratts",10,"Sunday","02-Jan-11",1,2011,2,"Sunday/02-Jan-2011","Jan-11","00-2011","00, 02-Jan-2011",1,NA
"297","02/01/2011",1180,52,"Commercial Street at Barratts",11,"Sunday","02-Jan-11",1,2011,2,"Sunday/02-Jan-2011","Jan-11","00-2011","00, 02-Jan-2011",1,NA
"298","02/01/2011",1971,52,"Commercial Street at Barratts",12,"Sunday","02-Jan-11",1,2011,2,"Sunday/02-Jan-2011","Jan-11","00-2011","00, 02-Jan-2011",1,NA
"299","02/01/2011",2642,52,"Commercial Street at Barratts",13,"Sunday","02-Jan-11",1,2011,2,"Sunday/02-Jan-2011","Jan-11","00-2011","00, 02-Jan-2011",1,NA
"300","02/01/2011",3020,52,"Commercial Street at Barratts",14,"Sunday","02-Jan-11",1,2011,2,"Sunday/02-Jan-2011","Jan-11","00-2011","00, 02-Jan-2011",1,NA
"301","02/01/2011",2560,52,"Commercial Street at Barratts",15,"Sunday","02-Jan-11",1,2011,2,"Sunday/02-Jan-2011","Jan-11","00-2011","00, 02-Jan-2011",1,NA
"302","02/01/2011",1325,52,"Commercial Street at Barratts",16,"Sunday","02-Jan-11",1,2011,2,"Sunday/02-Jan-2011","Jan-11","00-2011","00, 02-Jan-2011",1,NA
"303","02/01/2011",436,52,"Commercial Street at Barratts",17,"Sunday","02-Jan-11",1,2011,2,"Sunday/02-Jan-2011","Jan-11","00-2011","00, 02-Jan-2011",1,NA
"304","02/01/2011",168,52,"Commercial Street at Barratts",18,"Sunday","02-Jan-11",1,2011,2,"Sunday/02-Jan-2011","Jan-11","00-2011","00, 02-Jan-2011",1,NA
"305","02/01/2011",141,52,"Commercial Street at Barratts",19,"Sunday","02-Jan-11",1,2011,2,"Sunday/02-Jan-2011","Jan-11","00-2011","00, 02-Jan-2011",1,NA
"306","02/01/2011",148,52,"Commercial Street at Barratts",20,"Sunday","02-Jan-11",1,2011,2,"Sunday/02-Jan-2011","Jan-11","00-2011","00, 02-Jan-2011",1,NA
"307","02/01/2011",131,52,"Commercial Street at Barratts",21,"Sunday","02-Jan-11",1,2011,2,"Sunday/02-Jan-2011","Jan-11","00-2011","00, 02-Jan-2011",1,NA
"308","02/01/2011",116,52,"Commercial Street at Barratts",22,"Sunday","02-Jan-11",1,2011,2,"Sunday/02-Jan-2011","Jan-11","00-2011","00, 02-Jan-2011",1,NA
"309","02/01/2011",67,52,"Commercial Street at Barratts",23,"Sunday","02-Jan-11",1,2011,2,"Sunday/02-Jan-2011","Jan-11","00-2011","00, 02-Jan-2011",1,NA
"310","02/01/2011",10,52,"Commercial Street at Sharps",0,"Sunday","02-Jan-11",1,2011,2,"Sunday/02-Jan-2011","Jan-11","00-2011","00, 02-Jan-2011",1,NA
"311","02/01/2011",69,52,"Commercial Street at Sharps",1,"Sunday","02-Jan-11",1,2011,2,"Sunday/02-Jan-2011","Jan-11","00-2011","00, 02-Jan-2011",1,NA
"312","02/01/2011",5,52,"Commercial Street at Sharps",2,"Sunday","02-Jan-11",1,2011,2,"Sunday/02-Jan-2011","Jan-11","00-2011","00, 02-Jan-2011",1,NA
"313","02/01/2011",0,52,"Commercial Street at Sharps",3,"Sunday","02-Jan-11",1,2011,2,"Sunday/02-Jan-2011","Jan-11","00-2011","00, 02-Jan-2011",1,NA
"314","02/01/2011",12,52,"Commercial Street at Sharps",4,"Sunday","02-Jan-11",1,2011,2,"Sunday/02-Jan-2011","Jan-11","00-2011","00, 02-Jan-2011",1,NA
"315","02/01/2011",6,52,"Commercial Street at Sharps",5,"Sunday","02-Jan-11",1,2011,2,"Sunday/02-Jan-2011","Jan-11","00-2011","00, 02-Jan-2011",1,NA
"316","02/01/2011",8,52,"Commercial Street at Sharps",6,"Sunday","02-Jan-11",1,2011,2,"Sunday/02-Jan-2011","Jan-11","00-2011","00, 02-Jan-2011",1,NA
"317","02/01/2011",29,52,"Commercial Street at Sharps",7,"Sunday","02-Jan-11",1,2011,2,"Sunday/02-Jan-2011","Jan-11","00-2011","00, 02-Jan-2011",1,NA
"318","02/01/2011",34,52,"Commercial Street at Sharps",8,"Sunday","02-Jan-11",1,2011,2,"Sunday/02-Jan-2011","Jan-11","00-2011","00, 02-Jan-2011",1,NA
"319","02/01/2011",158,52,"Commercial Street at Sharps",9,"Sunday","02-Jan-11",1,2011,2,"Sunday/02-Jan-2011","Jan-11","00-2011","00, 02-Jan-2011",1,NA
"320","02/01/2011",763,52,"Commercial Street at Sharps",10,"Sunday","02-Jan-11",1,2011,2,"Sunday/02-Jan-2011","Jan-11","00-2011","00, 02-Jan-2011",1,NA
"321","02/01/2011",2090,52,"Commercial Street at Sharps",11,"Sunday","02-Jan-11",1,2011,2,"Sunday/02-Jan-2011","Jan-11","00-2011","00, 02-Jan-2011",1,NA
"322","02/01/2011",3214,52,"Commercial Street at Sharps",12,"Sunday","02-Jan-11",1,2011,2,"Sunday/02-Jan-2011","Jan-11","00-2011","00, 02-Jan-2011",1,NA
"323","02/01/2011",4087,52,"Commercial Street at Sharps",13,"Sunday","02-Jan-11",1,2011,2,"Sunday/02-Jan-2011","Jan-11","00-2011","00, 02-Jan-2011",1,NA
"324","02/01/2011",4766,52,"Commercial Street at Sharps",14,"Sunday","02-Jan-11",1,2011,2,"Sunday/02-Jan-2011","Jan-11","00-2011","00, 02-Jan-2011",1,NA
"325","02/01/2011",4103,52,"Commercial Street at Sharps",15,"Sunday","02-Jan-11",1,2011,2,"Sunday/02-Jan-2011","Jan-11","00-2011","00, 02-Jan-2011",1,NA
"326","02/01/2011",1783,52,"Commercial Street at Sharps",16,"Sunday","02-Jan-11",1,2011,2,"Sunday/02-Jan-2011","Jan-11","00-2011","00, 02-Jan-2011",1,NA
"327","02/01/2011",332,52,"Commercial Street at Sharps",17,"Sunday","02-Jan-11",1,2011,2,"Sunday/02-Jan-2011","Jan-11","00-2011","00, 02-Jan-2011",1,NA
"328","02/01/2011",88,52,"Commercial Street at Sharps",18,"Sunday","02-Jan-11",1,2011,2,"Sunday/02-Jan-2011","Jan-11","00-2011","00, 02-Jan-2011",1,NA
"329","02/01/2011",43,52,"Commercial Street at Sharps",19,"Sunday","02-Jan-11",1,2011,2,"Sunday/02-Jan-2011","Jan-11","00-2011","00, 02-Jan-2011",1,NA
"330","02/01/2011",52,52,"Commercial Street at Sharps",20,"Sunday","02-Jan-11",1,2011,2,"Sunday/02-Jan-2011","Jan-11","00-2011","00, 02-Jan-2011",1,NA
"331","02/01/2011",35,52,"Commercial Street at Sharps",21,"Sunday","02-Jan-11",1,2011,2,"Sunday/02-Jan-2011","Jan-11","00-2011","00, 02-Jan-2011",1,NA
"332","02/01/2011",31,52,"Commercial Street at Sharps",22,"Sunday","02-Jan-11",1,2011,2,"Sunday/02-Jan-2011","Jan-11","00-2011","00, 02-Jan-2011",1,NA
"333","02/01/2011",38,52,"Commercial Street at Sharps",23,"Sunday","02-Jan-11",1,2011,2,"Sunday/02-Jan-2011","Jan-11","00-2011","00, 02-Jan-2011",1,NA
"334","02/01/2011",21,52,"Headrow",0,"Sunday","02-Jan-11",1,2011,2,"Sunday/02-Jan-2011","Jan-11","00-2011","00, 02-Jan-2011",1,NA
"335","02/01/2011",20,52,"Headrow",1,"Sunday","02-Jan-11",1,2011,2,"Sunday/02-Jan-2011","Jan-11","00-2011","00, 02-Jan-2011",1,NA
"336","02/01/2011",5,52,"Headrow",2,"Sunday","02-Jan-11",1,2011,2,"Sunday/02-Jan-2011","Jan-11","00-2011","00, 02-Jan-2011",1,NA
"337","02/01/2011",27,52,"Headrow",3,"Sunday","02-Jan-11",1,2011,2,"Sunday/02-Jan-2011","Jan-11","00-2011","00, 02-Jan-2011",1,NA
"338","02/01/2011",10,52,"Headrow",4,"Sunday","02-Jan-11",1,2011,2,"Sunday/02-Jan-2011","Jan-11","00-2011","00, 02-Jan-2011",1,NA
"339","02/01/2011",3,52,"Headrow",5,"Sunday","02-Jan-11",1,2011,2,"Sunday/02-Jan-2011","Jan-11","00-2011","00, 02-Jan-2011",1,NA
"340","02/01/2011",15,52,"Headrow",6,"Sunday","02-Jan-11",1,2011,2,"Sunday/02-Jan-2011","Jan-11","00-2011","00, 02-Jan-2011",1,NA
"341","02/01/2011",16,52,"Headrow",7,"Sunday","02-Jan-11",1,2011,2,"Sunday/02-Jan-2011","Jan-11","00-2011","00, 02-Jan-2011",1,NA
"342","02/01/2011",27,52,"Headrow",8,"Sunday","02-Jan-11",1,2011,2,"Sunday/02-Jan-2011","Jan-11","00-2011","00, 02-Jan-2011",1,NA
"343","02/01/2011",77,52,"Headrow",9,"Sunday","02-Jan-11",1,2011,2,"Sunday/02-Jan-2011","Jan-11","00-2011","00, 02-Jan-2011",1,NA
"344","02/01/2011",295,52,"Headrow",10,"Sunday","02-Jan-11",1,2011,2,"Sunday/02-Jan-2011","Jan-11","00-2011","00, 02-Jan-2011",1,NA
"345","02/01/2011",723,52,"Headrow",11,"Sunday","02-Jan-11",1,2011,2,"Sunday/02-Jan-2011","Jan-11","00-2011","00, 02-Jan-2011",1,NA
"346","02/01/2011",1173,52,"Headrow",12,"Sunday","02-Jan-11",1,2011,2,"Sunday/02-Jan-2011","Jan-11","00-2011","00, 02-Jan-2011",1,NA
"347","02/01/2011",1625,52,"Headrow",13,"Sunday","02-Jan-11",1,2011,2,"Sunday/02-Jan-2011","Jan-11","00-2011","00, 02-Jan-2011",1,NA
"348","02/01/2011",1664,52,"Headrow",14,"Sunday","02-Jan-11",1,2011,2,"Sunday/02-Jan-2011","Jan-11","00-2011","00, 02-Jan-2011",1,NA
"349","02/01/2011",1483,52,"Headrow",15,"Sunday","02-Jan-11",1,2011,2,"Sunday/02-Jan-2011","Jan-11","00-2011","00, 02-Jan-2011",1,NA
"350","02/01/2011",806,52,"Headrow",16,"Sunday","02-Jan-11",1,2011,2,"Sunday/02-Jan-2011","Jan-11","00-2011","00, 02-Jan-2011",1,NA
"351","02/01/2011",345,52,"Headrow",17,"Sunday","02-Jan-11",1,2011,2,"Sunday/02-Jan-2011","Jan-11","00-2011","00, 02-Jan-2011",1,NA
"352","02/01/2011",147,52,"Headrow",18,"Sunday","02-Jan-11",1,2011,2,"Sunday/02-Jan-2011","Jan-11","00-2011","00, 02-Jan-2011",1,NA
"353","02/01/2011",142,52,"Headrow",19,"Sunday","02-Jan-11",1,2011,2,"Sunday/02-Jan-2011","Jan-11","00-2011","00, 02-Jan-2011",1,NA
"354","02/01/2011",112,52,"Headrow",20,"Sunday","02-Jan-11",1,2011,2,"Sunday/02-Jan-2011","Jan-11","00-2011","00, 02-Jan-2011",1,NA
"355","02/01/2011",84,52,"Headrow",21,"Sunday","02-Jan-11",1,2011,2,"Sunday/02-Jan-2011","Jan-11","00-2011","00, 02-Jan-2011",1,NA
"356","02/01/2011",96,52,"Headrow",22,"Sunday","02-Jan-11",1,2011,2,"Sunday/02-Jan-2011","Jan-11","00-2011","00, 02-Jan-2011",1,NA
"357","02/01/2011",35,52,"Headrow",23,"Sunday","02-Jan-11",1,2011,2,"Sunday/02-Jan-2011","Jan-11","00-2011","00, 02-Jan-2011",1,NA
"358","02/01/2011",23,52,"Dortmund Square",0,"Sunday","02-Jan-11",1,2011,2,"Sunday/02-Jan-2011","Jan-11","00-2011","00, 02-Jan-2011",1,NA
"359","02/01/2011",22,52,"Dortmund Square",1,"Sunday","02-Jan-11",1,2011,2,"Sunday/02-Jan-2011","Jan-11","00-2011","00, 02-Jan-2011",1,NA
"360","02/01/2011",17,52,"Dortmund Square",2,"Sunday","02-Jan-11",1,2011,2,"Sunday/02-Jan-2011","Jan-11","00-2011","00, 02-Jan-2011",1,NA
"361","02/01/2011",11,52,"Dortmund Square",3,"Sunday","02-Jan-11",1,2011,2,"Sunday/02-Jan-2011","Jan-11","00-2011","00, 02-Jan-2011",1,NA
"362","02/01/2011",18,52,"Dortmund Square",4,"Sunday","02-Jan-11",1,2011,2,"Sunday/02-Jan-2011","Jan-11","00-2011","00, 02-Jan-2011",1,NA
"363","02/01/2011",28,52,"Dortmund Square",5,"Sunday","02-Jan-11",1,2011,2,"Sunday/02-Jan-2011","Jan-11","00-2011","00, 02-Jan-2011",1,NA
"364","02/01/2011",23,52,"Dortmund Square",6,"Sunday","02-Jan-11",1,2011,2,"Sunday/02-Jan-2011","Jan-11","00-2011","00, 02-Jan-2011",1,NA
"365","02/01/2011",35,52,"Dortmund Square",7,"Sunday","02-Jan-11",1,2011,2,"Sunday/02-Jan-2011","Jan-11","00-2011","00, 02-Jan-2011",1,NA
"366","02/01/2011",37,52,"Dortmund Square",8,"Sunday","02-Jan-11",1,2011,2,"Sunday/02-Jan-2011","Jan-11","00-2011","00, 02-Jan-2011",1,NA
"367","02/01/2011",93,52,"Dortmund Square",9,"Sunday","02-Jan-11",1,2011,2,"Sunday/02-Jan-2011","Jan-11","00-2011","00, 02-Jan-2011",1,NA
"368","02/01/2011",382,52,"Dortmund Square",10,"Sunday","02-Jan-11",1,2011,2,"Sunday/02-Jan-2011","Jan-11","00-2011","00, 02-Jan-2011",1,NA
"369","02/01/2011",815,52,"Dortmund Square",11,"Sunday","02-Jan-11",1,2011,2,"Sunday/02-Jan-2011","Jan-11","00-2011","00, 02-Jan-2011",1,NA
"370","02/01/2011",1380,52,"Dortmund Square",12,"Sunday","02-Jan-11",1,2011,2,"Sunday/02-Jan-2011","Jan-11","00-2011","00, 02-Jan-2011",1,NA
"371","02/01/2011",1730,52,"Dortmund Square",13,"Sunday","02-Jan-11",1,2011,2,"Sunday/02-Jan-2011","Jan-11","00-2011","00, 02-Jan-2011",1,NA
"372","02/01/2011",2140,52,"Dortmund Square",14,"Sunday","02-Jan-11",1,2011,2,"Sunday/02-Jan-2011","Jan-11","00-2011","00, 02-Jan-2011",1,NA
"373","02/01/2011",2172,52,"Dortmund Square",15,"Sunday","02-Jan-11",1,2011,2,"Sunday/02-Jan-2011","Jan-11","00-2011","00, 02-Jan-2011",1,NA
"374","02/01/2011",1664,52,"Dortmund Square",16,"Sunday","02-Jan-11",1,2011,2,"Sunday/02-Jan-2011","Jan-11","00-2011","00, 02-Jan-2011",1,NA
"375","02/01/2011",768,52,"Dortmund Square",17,"Sunday","02-Jan-11",1,2011,2,"Sunday/02-Jan-2011","Jan-11","00-2011","00, 02-Jan-2011",1,NA
"376","02/01/2011",263,52,"Dortmund Square",18,"Sunday","02-Jan-11",1,2011,2,"Sunday/02-Jan-2011","Jan-11","00-2011","00, 02-Jan-2011",1,NA
"377","02/01/2011",190,52,"Dortmund Square",19,"Sunday","02-Jan-11",1,2011,2,"Sunday/02-Jan-2011","Jan-11","00-2011","00, 02-Jan-2011",1,NA
"378","02/01/2011",125,52,"Dortmund Square",20,"Sunday","02-Jan-11",1,2011,2,"Sunday/02-Jan-2011","Jan-11","00-2011","00, 02-Jan-2011",1,NA
"379","02/01/2011",105,52,"Dortmund Square",21,"Sunday","02-Jan-11",1,2011,2,"Sunday/02-Jan-2011","Jan-11","00-2011","00, 02-Jan-2011",1,NA
"380","02/01/2011",78,52,"Dortmund Square",22,"Sunday","02-Jan-11",1,2011,2,"Sunday/02-Jan-2011","Jan-11","00-2011","00, 02-Jan-2011",1,NA
"381","02/01/2011",49,52,"Dortmund Square",23,"Sunday","02-Jan-11",1,2011,2,"Sunday/02-Jan-2011","Jan-11","00-2011","00, 02-Jan-2011",1,NA
"382","03/01/2011",161,1,"Briggate",0,"Monday","03-Jan-11",1,2011,3,"Monday/03-Jan-2011","Jan-11","Jan-11","00, 03-Jan-2011",1,NA
"383","03/01/2011",109,1,"Briggate",1,"Monday","03-Jan-11",1,2011,3,"Monday/03-Jan-2011","Jan-11","Jan-11","00, 03-Jan-2011",1,NA
"384","03/01/2011",77,1,"Briggate",2,"Monday","03-Jan-11",1,2011,3,"Monday/03-Jan-2011","Jan-11","Jan-11","00, 03-Jan-2011",1,NA
"385","03/01/2011",88,1,"Briggate",3,"Monday","03-Jan-11",1,2011,3,"Monday/03-Jan-2011","Jan-11","Jan-11","00, 03-Jan-2011",1,NA
"386","03/01/2011",33,1,"Briggate",4,"Monday","03-Jan-11",1,2011,3,"Monday/03-Jan-2011","Jan-11","Jan-11","00, 03-Jan-2011",1,NA
"387","03/01/2011",45,1,"Briggate",5,"Monday","03-Jan-11",1,2011,3,"Monday/03-Jan-2011","Jan-11","Jan-11","00, 03-Jan-2011",1,NA
"388","03/01/2011",89,1,"Briggate",6,"Monday","03-Jan-11",1,2011,3,"Monday/03-Jan-2011","Jan-11","Jan-11","00, 03-Jan-2011",1,NA
"389","03/01/2011",115,1,"Briggate",7,"Monday","03-Jan-11",1,2011,3,"Monday/03-Jan-2011","Jan-11","Jan-11","00, 03-Jan-2011",1,NA
"390","03/01/2011",160,1,"Briggate",8,"Monday","03-Jan-11",1,2011,3,"Monday/03-Jan-2011","Jan-11","Jan-11","00, 03-Jan-2011",1,NA
"391","03/01/2011",357,1,"Briggate",9,"Monday","03-Jan-11",1,2011,3,"Monday/03-Jan-2011","Jan-11","Jan-11","00, 03-Jan-2011",1,NA
"392","03/01/2011",863,1,"Briggate",10,"Monday","03-Jan-11",1,2011,3,"Monday/03-Jan-2011","Jan-11","Jan-11","00, 03-Jan-2011",1,NA
"393","03/01/2011",1830,1,"Briggate",11,"Monday","03-Jan-11",1,2011,3,"Monday/03-Jan-2011","Jan-11","Jan-11","00, 03-Jan-2011",1,NA
"394","03/01/2011",7300,1,"Briggate",12,"Monday","03-Jan-11",1,2011,3,"Monday/03-Jan-2011","Jan-11","Jan-11","00, 03-Jan-2011",1,NA
"395","03/01/2011",6080,1,"Briggate",13,"Monday","03-Jan-11",1,2011,3,"Monday/03-Jan-2011","Jan-11","Jan-11","00, 03-Jan-2011",1,NA
"396","03/01/2011",4333,1,"Briggate",14,"Monday","03-Jan-11",1,2011,3,"Monday/03-Jan-2011","Jan-11","Jan-11","00, 03-Jan-2011",1,NA
"397","03/01/2011",3916,1,"Briggate",15,"Monday","03-Jan-11",1,2011,3,"Monday/03-Jan-2011","Jan-11","Jan-11","00, 03-Jan-2011",1,NA
"398","03/01/2011",2357,1,"Briggate",16,"Monday","03-Jan-11",1,2011,3,"Monday/03-Jan-2011","Jan-11","Jan-11","00, 03-Jan-2011",1,NA
"399","03/01/2011",1290,1,"Briggate",17,"Monday","03-Jan-11",1,2011,3,"Monday/03-Jan-2011","Jan-11","Jan-11","00, 03-Jan-2011",1,NA
"400","03/01/2011",485,1,"Briggate",18,"Monday","03-Jan-11",1,2011,3,"Monday/03-Jan-2011","Jan-11","Jan-11","00, 03-Jan-2011",1,NA
"401","03/01/2011",214,1,"Briggate",19,"Monday","03-Jan-11",1,2011,3,"Monday/03-Jan-2011","Jan-11","Jan-11","00, 03-Jan-2011",1,NA
"402","03/01/2011",222,1,"Briggate",20,"Monday","03-Jan-11",1,2011,3,"Monday/03-Jan-2011","Jan-11","Jan-11","00, 03-Jan-2011",1,NA
"403","03/01/2011",122,1,"Briggate",21,"Monday","03-Jan-11",1,2011,3,"Monday/03-Jan-2011","Jan-11","Jan-11","00, 03-Jan-2011",1,NA
"404","03/01/2011",104,1,"Briggate",22,"Monday","03-Jan-11",1,2011,3,"Monday/03-Jan-2011","Jan-11","Jan-11","00, 03-Jan-2011",1,NA
"405","03/01/2011",69,1,"Briggate",23,"Monday","03-Jan-11",1,2011,3,"Monday/03-Jan-2011","Jan-11","Jan-11","00, 03-Jan-2011",1,NA
"406","03/01/2011",11,1,"Briggate at McDonalds",0,"Monday","03-Jan-11",1,2011,3,"Monday/03-Jan-2011","Jan-11","Jan-11","00, 03-Jan-2011",1,NA
"407","03/01/2011",9,1,"Briggate at McDonalds",1,"Monday","03-Jan-11",1,2011,3,"Monday/03-Jan-2011","Jan-11","Jan-11","00, 03-Jan-2011",1,NA
"408","03/01/2011",5,1,"Briggate at McDonalds",2,"Monday","03-Jan-11",1,2011,3,"Monday/03-Jan-2011","Jan-11","Jan-11","00, 03-Jan-2011",1,NA
"409","03/01/2011",4,1,"Briggate at McDonalds",3,"Monday","03-Jan-11",1,2011,3,"Monday/03-Jan-2011","Jan-11","Jan-11","00, 03-Jan-2011",1,NA
"410","03/01/2011",1,1,"Briggate at McDonalds",4,"Monday","03-Jan-11",1,2011,3,"Monday/03-Jan-2011","Jan-11","Jan-11","00, 03-Jan-2011",1,NA
"411","03/01/2011",4,1,"Briggate at McDonalds",5,"Monday","03-Jan-11",1,2011,3,"Monday/03-Jan-2011","Jan-11","Jan-11","00, 03-Jan-2011",1,NA
"412","03/01/2011",31,1,"Briggate at McDonalds",6,"Monday","03-Jan-11",1,2011,3,"Monday/03-Jan-2011","Jan-11","Jan-11","00, 03-Jan-2011",1,NA
"413","03/01/2011",74,1,"Briggate at McDonalds",7,"Monday","03-Jan-11",1,2011,3,"Monday/03-Jan-2011","Jan-11","Jan-11","00, 03-Jan-2011",1,NA
"414","03/01/2011",420,1,"Briggate at McDonalds",8,"Monday","03-Jan-11",1,2011,3,"Monday/03-Jan-2011","Jan-11","Jan-11","00, 03-Jan-2011",1,NA
"415","03/01/2011",623,1,"Briggate at McDonalds",9,"Monday","03-Jan-11",1,2011,3,"Monday/03-Jan-2011","Jan-11","Jan-11","00, 03-Jan-2011",1,NA
"416","03/01/2011",1043,1,"Briggate at McDonalds",10,"Monday","03-Jan-11",1,2011,3,"Monday/03-Jan-2011","Jan-11","Jan-11","00, 03-Jan-2011",1,NA
"417","03/01/2011",1527,1,"Briggate at McDonalds",11,"Monday","03-Jan-11",1,2011,3,"Monday/03-Jan-2011","Jan-11","Jan-11","00, 03-Jan-2011",1,NA
"418","03/01/2011",1519,1,"Briggate at McDonalds",12,"Monday","03-Jan-11",1,2011,3,"Monday/03-Jan-2011","Jan-11","Jan-11","00, 03-Jan-2011",1,NA
"419","03/01/2011",1961,1,"Briggate at McDonalds",13,"Monday","03-Jan-11",1,2011,3,"Monday/03-Jan-2011","Jan-11","Jan-11","00, 03-Jan-2011",1,NA
"420","03/01/2011",1957,1,"Briggate at McDonalds",14,"Monday","03-Jan-11",1,2011,3,"Monday/03-Jan-2011","Jan-11","Jan-11","00, 03-Jan-2011",1,NA
"421","03/01/2011",1880,1,"Briggate at McDonalds",15,"Monday","03-Jan-11",1,2011,3,"Monday/03-Jan-2011","Jan-11","Jan-11","00, 03-Jan-2011",1,NA
"422","03/01/2011",1079,1,"Briggate at McDonalds",16,"Monday","03-Jan-11",1,2011,3,"Monday/03-Jan-2011","Jan-11","Jan-11","00, 03-Jan-2011",1,NA
"423","03/01/2011",816,1,"Briggate at McDonalds",17,"Monday","03-Jan-11",1,2011,3,"Monday/03-Jan-2011","Jan-11","Jan-11","00, 03-Jan-2011",1,NA
"424","03/01/2011",408,1,"Briggate at McDonalds",18,"Monday","03-Jan-11",1,2011,3,"Monday/03-Jan-2011","Jan-11","Jan-11","00, 03-Jan-2011",1,NA
"425","03/01/2011",192,1,"Briggate at McDonalds",19,"Monday","03-Jan-11",1,2011,3,"Monday/03-Jan-2011","Jan-11","Jan-11","00, 03-Jan-2011",1,NA
"426","03/01/2011",109,1,"Briggate at McDonalds",20,"Monday","03-Jan-11",1,2011,3,"Monday/03-Jan-2011","Jan-11","Jan-11","00, 03-Jan-2011",1,NA
"427","03/01/2011",97,1,"Briggate at McDonalds",21,"Monday","03-Jan-11",1,2011,3,"Monday/03-Jan-2011","Jan-11","Jan-11","00, 03-Jan-2011",1,NA
"428","03/01/2011",56,1,"Briggate at McDonalds",22,"Monday","03-Jan-11",1,2011,3,"Monday/03-Jan-2011","Jan-11","Jan-11","00, 03-Jan-2011",1,NA
"429","03/01/2011",49,1,"Briggate at McDonalds",23,"Monday","03-Jan-11",1,2011,3,"Monday/03-Jan-2011","Jan-11","Jan-11","00, 03-Jan-2011",1,NA
"430","03/01/2011",22,1,"Albion Street North",0,"Monday","03-Jan-11",1,2011,3,"Monday/03-Jan-2011","Jan-11","Jan-11","00, 03-Jan-2011",1,NA
"431","03/01/2011",28,1,"Albion Street North",1,"Monday","03-Jan-11",1,2011,3,"Monday/03-Jan-2011","Jan-11","Jan-11","00, 03-Jan-2011",1,NA
"432","03/01/2011",7,1,"Albion Street North",2,"Monday","03-Jan-11",1,2011,3,"Monday/03-Jan-2011","Jan-11","Jan-11","00, 03-Jan-2011",1,NA
"433","03/01/2011",19,1,"Albion Street North",3,"Monday","03-Jan-11",1,2011,3,"Monday/03-Jan-2011","Jan-11","Jan-11","00, 03-Jan-2011",1,NA
"434","03/01/2011",14,1,"Albion Street North",4,"Monday","03-Jan-11",1,2011,3,"Monday/03-Jan-2011","Jan-11","Jan-11","00, 03-Jan-2011",1,NA
"435","03/01/2011",38,1,"Albion Street North",5,"Monday","03-Jan-11",1,2011,3,"Monday/03-Jan-2011","Jan-11","Jan-11","00, 03-Jan-2011",1,NA
"436","03/01/2011",43,1,"Albion Street North",6,"Monday","03-Jan-11",1,2011,3,"Monday/03-Jan-2011","Jan-11","Jan-11","00, 03-Jan-2011",1,NA
"437","03/01/2011",44,1,"Albion Street North",7,"Monday","03-Jan-11",1,2011,3,"Monday/03-Jan-2011","Jan-11","Jan-11","00, 03-Jan-2011",1,NA
"438","03/01/2011",112,1,"Albion Street North",8,"Monday","03-Jan-11",1,2011,3,"Monday/03-Jan-2011","Jan-11","Jan-11","00, 03-Jan-2011",1,NA
"439","03/01/2011",309,1,"Albion Street North",9,"Monday","03-Jan-11",1,2011,3,"Monday/03-Jan-2011","Jan-11","Jan-11","00, 03-Jan-2011",1,NA
"440","03/01/2011",806,1,"Albion Street North",10,"Monday","03-Jan-11",1,2011,3,"Monday/03-Jan-2011","Jan-11","Jan-11","00, 03-Jan-2011",1,NA
"441","03/01/2011",1964,1,"Albion Street North",11,"Monday","03-Jan-11",1,2011,3,"Monday/03-Jan-2011","Jan-11","Jan-11","00, 03-Jan-2011",1,NA
"442","03/01/2011",2784,1,"Albion Street North",12,"Monday","03-Jan-11",1,2011,3,"Monday/03-Jan-2011","Jan-11","Jan-11","00, 03-Jan-2011",1,NA
"443","03/01/2011",2821,1,"Albion Street North",13,"Monday","03-Jan-11",1,2011,3,"Monday/03-Jan-2011","Jan-11","Jan-11","00, 03-Jan-2011",1,NA
"444","03/01/2011",3058,1,"Albion Street North",14,"Monday","03-Jan-11",1,2011,3,"Monday/03-Jan-2011","Jan-11","Jan-11","00, 03-Jan-2011",1,NA
"445","03/01/2011",3146,1,"Albion Street North",15,"Monday","03-Jan-11",1,2011,3,"Monday/03-Jan-2011","Jan-11","Jan-11","00, 03-Jan-2011",1,NA
"446","03/01/2011",2162,1,"Albion Street North",16,"Monday","03-Jan-11",1,2011,3,"Monday/03-Jan-2011","Jan-11","Jan-11","00, 03-Jan-2011",1,NA
"447","03/01/2011",994,1,"Albion Street North",17,"Monday","03-Jan-11",1,2011,3,"Monday/03-Jan-2011","Jan-11","Jan-11","00, 03-Jan-2011",1,NA
"448","03/01/2011",242,1,"Albion Street North",18,"Monday","03-Jan-11",1,2011,3,"Monday/03-Jan-2011","Jan-11","Jan-11","00, 03-Jan-2011",1,NA
"449","03/01/2011",72,1,"Albion Street North",19,"Monday","03-Jan-11",1,2011,3,"Monday/03-Jan-2011","Jan-11","Jan-11","00, 03-Jan-2011",1,NA
"450","03/01/2011",54,1,"Albion Street North",20,"Monday","03-Jan-11",1,2011,3,"Monday/03-Jan-2011","Jan-11","Jan-11","00, 03-Jan-2011",1,NA
"451","03/01/2011",36,1,"Albion Street North",21,"Monday","03-Jan-11",1,2011,3,"Monday/03-Jan-2011","Jan-11","Jan-11","00, 03-Jan-2011",1,NA
"452","03/01/2011",27,1,"Albion Street North",22,"Monday","03-Jan-11",1,2011,3,"Monday/03-Jan-2011","Jan-11","Jan-11","00, 03-Jan-2011",1,NA
"453","03/01/2011",77,1,"Albion Street North",23,"Monday","03-Jan-11",1,2011,3,"Monday/03-Jan-2011","Jan-11","Jan-11","00, 03-Jan-2011",1,NA
"454","03/01/2011",21,1,"Albion Street South",0,"Monday","03-Jan-11",1,2011,3,"Monday/03-Jan-2011","Jan-11","Jan-11","00, 03-Jan-2011",1,NA
"455","03/01/2011",26,1,"Albion Street South",1,"Monday","03-Jan-11",1,2011,3,"Monday/03-Jan-2011","Jan-11","Jan-11","00, 03-Jan-2011",1,NA
"456","03/01/2011",10,1,"Albion Street South",2,"Monday","03-Jan-11",1,2011,3,"Monday/03-Jan-2011","Jan-11","Jan-11","00, 03-Jan-2011",1,NA
"457","03/01/2011",26,1,"Albion Street South",3,"Monday","03-Jan-11",1,2011,3,"Monday/03-Jan-2011","Jan-11","Jan-11","00, 03-Jan-2011",1,NA
"458","03/01/2011",14,1,"Albion Street South",4,"Monday","03-Jan-11",1,2011,3,"Monday/03-Jan-2011","Jan-11","Jan-11","00, 03-Jan-2011",1,NA
"459","03/01/2011",73,1,"Albion Street South",5,"Monday","03-Jan-11",1,2011,3,"Monday/03-Jan-2011","Jan-11","Jan-11","00, 03-Jan-2011",1,NA
"460","03/01/2011",77,1,"Albion Street South",6,"Monday","03-Jan-11",1,2011,3,"Monday/03-Jan-2011","Jan-11","Jan-11","00, 03-Jan-2011",1,NA
"461","03/01/2011",115,1,"Albion Street South",7,"Monday","03-Jan-11",1,2011,3,"Monday/03-Jan-2011","Jan-11","Jan-11","00, 03-Jan-2011",1,NA
"462","03/01/2011",126,1,"Albion Street South",8,"Monday","03-Jan-11",1,2011,3,"Monday/03-Jan-2011","Jan-11","Jan-11","00, 03-Jan-2011",1,NA
"463","03/01/2011",324,1,"Albion Street South",9,"Monday","03-Jan-11",1,2011,3,"Monday/03-Jan-2011","Jan-11","Jan-11","00, 03-Jan-2011",1,NA
"464","03/01/2011",856,1,"Albion Street South",10,"Monday","03-Jan-11",1,2011,3,"Monday/03-Jan-2011","Jan-11","Jan-11","00, 03-Jan-2011",1,NA
"465","03/01/2011",2099,1,"Albion Street South",11,"Monday","03-Jan-11",1,2011,3,"Monday/03-Jan-2011","Jan-11","Jan-11","00, 03-Jan-2011",1,NA
"466","03/01/2011",3030,1,"Albion Street South",12,"Monday","03-Jan-11",1,2011,3,"Monday/03-Jan-2011","Jan-11","Jan-11","00, 03-Jan-2011",1,NA
"467","03/01/2011",3604,1,"Albion Street South",13,"Monday","03-Jan-11",1,2011,3,"Monday/03-Jan-2011","Jan-11","Jan-11","00, 03-Jan-2011",1,NA
"468","03/01/2011",3760,1,"Albion Street South",14,"Monday","03-Jan-11",1,2011,3,"Monday/03-Jan-2011","Jan-11","Jan-11","00, 03-Jan-2011",1,NA
"469","03/01/2011",3744,1,"Albion Street South",15,"Monday","03-Jan-11",1,2011,3,"Monday/03-Jan-2011","Jan-11","Jan-11","00, 03-Jan-2011",1,NA
"470","03/01/2011",2719,1,"Albion Street South",16,"Monday","03-Jan-11",1,2011,3,"Monday/03-Jan-2011","Jan-11","Jan-11","00, 03-Jan-2011",1,NA
"471","03/01/2011",1276,1,"Albion Street South",17,"Monday","03-Jan-11",1,2011,3,"Monday/03-Jan-2011","Jan-11","Jan-11","00, 03-Jan-2011",1,NA
"472","03/01/2011",295,1,"Albion Street South",18,"Monday","03-Jan-11",1,2011,3,"Monday/03-Jan-2011","Jan-11","Jan-11","00, 03-Jan-2011",1,NA
"473","03/01/2011",110,1,"Albion Street South",19,"Monday","03-Jan-11",1,2011,3,"Monday/03-Jan-2011","Jan-11","Jan-11","00, 03-Jan-2011",1,NA
"474","03/01/2011",98,1,"Albion Street South",20,"Monday","03-Jan-11",1,2011,3,"Monday/03-Jan-2011","Jan-11","Jan-11","00, 03-Jan-2011",1,NA
"475","03/01/2011",109,1,"Albion Street South",21,"Monday","03-Jan-11",1,2011,3,"Monday/03-Jan-2011","Jan-11","Jan-11","00, 03-Jan-2011",1,NA
"476","03/01/2011",59,1,"Albion Street South",22,"Monday","03-Jan-11",1,2011,3,"Monday/03-Jan-2011","Jan-11","Jan-11","00, 03-Jan-2011",1,NA
"477","03/01/2011",45,1,"Albion Street South",23,"Monday","03-Jan-11",1,2011,3,"Monday/03-Jan-2011","Jan-11","Jan-11","00, 03-Jan-2011",1,NA
"478","03/01/2011",35,1,"Commercial Street at Barratts",0,"Monday","03-Jan-11",1,2011,3,"Monday/03-Jan-2011","Jan-11","Jan-11","00, 03-Jan-2011",1,NA
"479","03/01/2011",17,1,"Commercial Street at Barratts",1,"Monday","03-Jan-11",1,2011,3,"Monday/03-Jan-2011","Jan-11","Jan-11","00, 03-Jan-2011",1,NA
"480","03/01/2011",1,1,"Commercial Street at Barratts",2,"Monday","03-Jan-11",1,2011,3,"Monday/03-Jan-2011","Jan-11","Jan-11","00, 03-Jan-2011",1,NA
"481","03/01/2011",10,1,"Commercial Street at Barratts",3,"Monday","03-Jan-11",1,2011,3,"Monday/03-Jan-2011","Jan-11","Jan-11","00, 03-Jan-2011",1,NA
"482","03/01/2011",11,1,"Commercial Street at Barratts",4,"Monday","03-Jan-11",1,2011,3,"Monday/03-Jan-2011","Jan-11","Jan-11","00, 03-Jan-2011",1,NA
"483","03/01/2011",83,1,"Commercial Street at Barratts",5,"Monday","03-Jan-11",1,2011,3,"Monday/03-Jan-2011","Jan-11","Jan-11","00, 03-Jan-2011",1,NA
"484","03/01/2011",39,1,"Commercial Street at Barratts",6,"Monday","03-Jan-11",1,2011,3,"Monday/03-Jan-2011","Jan-11","Jan-11","00, 03-Jan-2011",1,NA
"485","03/01/2011",79,1,"Commercial Street at Barratts",7,"Monday","03-Jan-11",1,2011,3,"Monday/03-Jan-2011","Jan-11","Jan-11","00, 03-Jan-2011",1,NA
"486","03/01/2011",129,1,"Commercial Street at Barratts",8,"Monday","03-Jan-11",1,2011,3,"Monday/03-Jan-2011","Jan-11","Jan-11","00, 03-Jan-2011",1,NA
"487","03/01/2011",242,1,"Commercial Street at Barratts",9,"Monday","03-Jan-11",1,2011,3,"Monday/03-Jan-2011","Jan-11","Jan-11","00, 03-Jan-2011",1,NA
"488","03/01/2011",792,1,"Commercial Street at Barratts",10,"Monday","03-Jan-11",1,2011,3,"Monday/03-Jan-2011","Jan-11","Jan-11","00, 03-Jan-2011",1,NA
"489","03/01/2011",1704,1,"Commercial Street at Barratts",11,"Monday","03-Jan-11",1,2011,3,"Monday/03-Jan-2011","Jan-11","Jan-11","00, 03-Jan-2011",1,NA
"490","03/01/2011",2276,1,"Commercial Street at Barratts",12,"Monday","03-Jan-11",1,2011,3,"Monday/03-Jan-2011","Jan-11","Jan-11","00, 03-Jan-2011",1,NA
"491","03/01/2011",3082,1,"Commercial Street at Barratts",13,"Monday","03-Jan-11",1,2011,3,"Monday/03-Jan-2011","Jan-11","Jan-11","00, 03-Jan-2011",1,NA
"492","03/01/2011",3416,1,"Commercial Street at Barratts",14,"Monday","03-Jan-11",1,2011,3,"Monday/03-Jan-2011","Jan-11","Jan-11","00, 03-Jan-2011",1,NA
"493","03/01/2011",3215,1,"Commercial Street at Barratts",15,"Monday","03-Jan-11",1,2011,3,"Monday/03-Jan-2011","Jan-11","Jan-11","00, 03-Jan-2011",1,NA
"494","03/01/2011",1754,1,"Commercial Street at Barratts",16,"Monday","03-Jan-11",1,2011,3,"Monday/03-Jan-2011","Jan-11","Jan-11","00, 03-Jan-2011",1,NA
"495","03/01/2011",667,1,"Commercial Street at Barratts",17,"Monday","03-Jan-11",1,2011,3,"Monday/03-Jan-2011","Jan-11","Jan-11","00, 03-Jan-2011",1,NA
"496","03/01/2011",245,1,"Commercial Street at Barratts",18,"Monday","03-Jan-11",1,2011,3,"Monday/03-Jan-2011","Jan-11","Jan-11","00, 03-Jan-2011",1,NA
"497","03/01/2011",162,1,"Commercial Street at Barratts",19,"Monday","03-Jan-11",1,2011,3,"Monday/03-Jan-2011","Jan-11","Jan-11","00, 03-Jan-2011",1,NA
"498","03/01/2011",151,1,"Commercial Street at Barratts",20,"Monday","03-Jan-11",1,2011,3,"Monday/03-Jan-2011","Jan-11","Jan-11","00, 03-Jan-2011",1,NA
"499","03/01/2011",162,1,"Commercial Street at Barratts",21,"Monday","03-Jan-11",1,2011,3,"Monday/03-Jan-2011","Jan-11","Jan-11","00, 03-Jan-2011",1,NA
"500","03/01/2011",88,1,"Commercial Street at Barratts",22,"Monday","03-Jan-11",1,2011,3,"Monday/03-Jan-2011","Jan-11","Jan-11","00, 03-Jan-2011",1,NA
"501","03/01/2011",42,1,"Commercial Street at Barratts",23,"Monday","03-Jan-11",1,2011,3,"Monday/03-Jan-2011","Jan-11","Jan-11","00, 03-Jan-2011",1,NA
"502","03/01/2011",21,1,"Commercial Street at Sharps",0,"Monday","03-Jan-11",1,2011,3,"Monday/03-Jan-2011","Jan-11","Jan-11","00, 03-Jan-2011",1,NA
"503","03/01/2011",6,1,"Commercial Street at Sharps",1,"Monday","03-Jan-11",1,2011,3,"Monday/03-Jan-2011","Jan-11","Jan-11","00, 03-Jan-2011",1,NA
"504","03/01/2011",1,1,"Commercial Street at Sharps",2,"Monday","03-Jan-11",1,2011,3,"Monday/03-Jan-2011","Jan-11","Jan-11","00, 03-Jan-2011",1,NA
"505","03/01/2011",12,1,"Commercial Street at Sharps",3,"Monday","03-Jan-11",1,2011,3,"Monday/03-Jan-2011","Jan-11","Jan-11","00, 03-Jan-2011",1,NA
"506","03/01/2011",9,1,"Commercial Street at Sharps",4,"Monday","03-Jan-11",1,2011,3,"Monday/03-Jan-2011","Jan-11","Jan-11","00, 03-Jan-2011",1,NA
"507","03/01/2011",59,1,"Commercial Street at Sharps",5,"Monday","03-Jan-11",1,2011,3,"Monday/03-Jan-2011","Jan-11","Jan-11","00, 03-Jan-2011",1,NA
"508","03/01/2011",55,1,"Commercial Street at Sharps",6,"Monday","03-Jan-11",1,2011,3,"Monday/03-Jan-2011","Jan-11","Jan-11","00, 03-Jan-2011",1,NA
"509","03/01/2011",55,1,"Commercial Street at Sharps",7,"Monday","03-Jan-11",1,2011,3,"Monday/03-Jan-2011","Jan-11","Jan-11","00, 03-Jan-2011",1,NA
"510","03/01/2011",194,1,"Commercial Street at Sharps",8,"Monday","03-Jan-11",1,2011,3,"Monday/03-Jan-2011","Jan-11","Jan-11","00, 03-Jan-2011",1,NA
"511","03/01/2011",470,1,"Commercial Street at Sharps",9,"Monday","03-Jan-11",1,2011,3,"Monday/03-Jan-2011","Jan-11","Jan-11","00, 03-Jan-2011",1,NA
"512","03/01/2011",1361,1,"Commercial Street at Sharps",10,"Monday","03-Jan-11",1,2011,3,"Monday/03-Jan-2011","Jan-11","Jan-11","00, 03-Jan-2011",1,NA
"513","03/01/2011",2951,1,"Commercial Street at Sharps",11,"Monday","03-Jan-11",1,2011,3,"Monday/03-Jan-2011","Jan-11","Jan-11","00, 03-Jan-2011",1,NA
"514","03/01/2011",3970,1,"Commercial Street at Sharps",12,"Monday","03-Jan-11",1,2011,3,"Monday/03-Jan-2011","Jan-11","Jan-11","00, 03-Jan-2011",1,NA
"515","03/01/2011",4813,1,"Commercial Street at Sharps",13,"Monday","03-Jan-11",1,2011,3,"Monday/03-Jan-2011","Jan-11","Jan-11","00, 03-Jan-2011",1,NA
"516","03/01/2011",5477,1,"Commercial Street at Sharps",14,"Monday","03-Jan-11",1,2011,3,"Monday/03-Jan-2011","Jan-11","Jan-11","00, 03-Jan-2011",1,NA
"517","03/01/2011",5245,1,"Commercial Street at Sharps",15,"Monday","03-Jan-11",1,2011,3,"Monday/03-Jan-2011","Jan-11","Jan-11","00, 03-Jan-2011",1,NA
"518","03/01/2011",2415,1,"Commercial Street at Sharps",16,"Monday","03-Jan-11",1,2011,3,"Monday/03-Jan-2011","Jan-11","Jan-11","00, 03-Jan-2011",1,NA
"519","03/01/2011",842,1,"Commercial Street at Sharps",17,"Monday","03-Jan-11",1,2011,3,"Monday/03-Jan-2011","Jan-11","Jan-11","00, 03-Jan-2011",1,NA
"520","03/01/2011",169,1,"Commercial Street at Sharps",18,"Monday","03-Jan-11",1,2011,3,"Monday/03-Jan-2011","Jan-11","Jan-11","00, 03-Jan-2011",1,NA
"521","03/01/2011",71,1,"Commercial Street at Sharps",19,"Monday","03-Jan-11",1,2011,3,"Monday/03-Jan-2011","Jan-11","Jan-11","00, 03-Jan-2011",1,NA
"522","03/01/2011",52,1,"Commercial Street at Sharps",20,"Monday","03-Jan-11",1,2011,3,"Monday/03-Jan-2011","Jan-11","Jan-11","00, 03-Jan-2011",1,NA
"523","03/01/2011",100,1,"Commercial Street at Sharps",21,"Monday","03-Jan-11",1,2011,3,"Monday/03-Jan-2011","Jan-11","Jan-11","00, 03-Jan-2011",1,NA
"524","03/01/2011",19,1,"Commercial Street at Sharps",22,"Monday","03-Jan-11",1,2011,3,"Monday/03-Jan-2011","Jan-11","Jan-11","00, 03-Jan-2011",1,NA
"525","03/01/2011",35,1,"Commercial Street at Sharps",23,"Monday","03-Jan-11",1,2011,3,"Monday/03-Jan-2011","Jan-11","Jan-11","00, 03-Jan-2011",1,NA
"526","03/01/2011",9,1,"Headrow",0,"Monday","03-Jan-11",1,2011,3,"Monday/03-Jan-2011","Jan-11","Jan-11","00, 03-Jan-2011",1,NA
"527","03/01/2011",13,1,"Headrow",1,"Monday","03-Jan-11",1,2011,3,"Monday/03-Jan-2011","Jan-11","Jan-11","00, 03-Jan-2011",1,NA
"528","03/01/2011",7,1,"Headrow",2,"Monday","03-Jan-11",1,2011,3,"Monday/03-Jan-2011","Jan-11","Jan-11","00, 03-Jan-2011",1,NA
"529","03/01/2011",3,1,"Headrow",3,"Monday","03-Jan-11",1,2011,3,"Monday/03-Jan-2011","Jan-11","Jan-11","00, 03-Jan-2011",1,NA
"530","03/01/2011",4,1,"Headrow",4,"Monday","03-Jan-11",1,2011,3,"Monday/03-Jan-2011","Jan-11","Jan-11","00, 03-Jan-2011",1,NA
"531","03/01/2011",4,1,"Headrow",5,"Monday","03-Jan-11",1,2011,3,"Monday/03-Jan-2011","Jan-11","Jan-11","00, 03-Jan-2011",1,NA
"532","03/01/2011",9,1,"Headrow",6,"Monday","03-Jan-11",1,2011,3,"Monday/03-Jan-2011","Jan-11","Jan-11","00, 03-Jan-2011",1,NA
"533","03/01/2011",22,1,"Headrow",7,"Monday","03-Jan-11",1,2011,3,"Monday/03-Jan-2011","Jan-11","Jan-11","00, 03-Jan-2011",1,NA
"534","03/01/2011",55,1,"Headrow",8,"Monday","03-Jan-11",1,2011,3,"Monday/03-Jan-2011","Jan-11","Jan-11","00, 03-Jan-2011",1,NA
"535","03/01/2011",125,1,"Headrow",9,"Monday","03-Jan-11",1,2011,3,"Monday/03-Jan-2011","Jan-11","Jan-11","00, 03-Jan-2011",1,NA
"536","03/01/2011",430,1,"Headrow",10,"Monday","03-Jan-11",1,2011,3,"Monday/03-Jan-2011","Jan-11","Jan-11","00, 03-Jan-2011",1,NA
"537","03/01/2011",928,1,"Headrow",11,"Monday","03-Jan-11",1,2011,3,"Monday/03-Jan-2011","Jan-11","Jan-11","00, 03-Jan-2011",1,NA
"538","03/01/2011",1460,1,"Headrow",12,"Monday","03-Jan-11",1,2011,3,"Monday/03-Jan-2011","Jan-11","Jan-11","00, 03-Jan-2011",1,NA
"539","03/01/2011",1906,1,"Headrow",13,"Monday","03-Jan-11",1,2011,3,"Monday/03-Jan-2011","Jan-11","Jan-11","00, 03-Jan-2011",1,NA
"540","03/01/2011",2183,1,"Headrow",14,"Monday","03-Jan-11",1,2011,3,"Monday/03-Jan-2011","Jan-11","Jan-11","00, 03-Jan-2011",1,NA
"541","03/01/2011",1976,1,"Headrow",15,"Monday","03-Jan-11",1,2011,3,"Monday/03-Jan-2011","Jan-11","Jan-11","00, 03-Jan-2011",1,NA
"542","03/01/2011",1049,1,"Headrow",16,"Monday","03-Jan-11",1,2011,3,"Monday/03-Jan-2011","Jan-11","Jan-11","00, 03-Jan-2011",1,NA
"543","03/01/2011",453,1,"Headrow",17,"Monday","03-Jan-11",1,2011,3,"Monday/03-Jan-2011","Jan-11","Jan-11","00, 03-Jan-2011",1,NA
"544","03/01/2011",205,1,"Headrow",18,"Monday","03-Jan-11",1,2011,3,"Monday/03-Jan-2011","Jan-11","Jan-11","00, 03-Jan-2011",1,NA
"545","03/01/2011",96,1,"Headrow",19,"Monday","03-Jan-11",1,2011,3,"Monday/03-Jan-2011","Jan-11","Jan-11","00, 03-Jan-2011",1,NA
"546","03/01/2011",65,1,"Headrow",20,"Monday","03-Jan-11",1,2011,3,"Monday/03-Jan-2011","Jan-11","Jan-11","00, 03-Jan-2011",1,NA
"547","03/01/2011",68,1,"Headrow",21,"Monday","03-Jan-11",1,2011,3,"Monday/03-Jan-2011","Jan-11","Jan-11","00, 03-Jan-2011",1,NA
"548","03/01/2011",39,1,"Headrow",22,"Monday","03-Jan-11",1,2011,3,"Monday/03-Jan-2011","Jan-11","Jan-11","00, 03-Jan-2011",1,NA
"549","03/01/2011",34,1,"Headrow",23,"Monday","03-Jan-11",1,2011,3,"Monday/03-Jan-2011","Jan-11","Jan-11","00, 03-Jan-2011",1,NA
"550","03/01/2011",39,1,"Dortmund Square",0,"Monday","03-Jan-11",1,2011,3,"Monday/03-Jan-2011","Jan-11","Jan-11","00, 03-Jan-2011",1,NA
"551","03/01/2011",21,1,"Dortmund Square",1,"Monday","03-Jan-11",1,2011,3,"Monday/03-Jan-2011","Jan-11","Jan-11","00, 03-Jan-2011",1,NA
"552","03/01/2011",12,1,"Dortmund Square",2,"Monday","03-Jan-11",1,2011,3,"Monday/03-Jan-2011","Jan-11","Jan-11","00, 03-Jan-2011",1,NA
"553","03/01/2011",25,1,"Dortmund Square",3,"Monday","03-Jan-11",1,2011,3,"Monday/03-Jan-2011","Jan-11","Jan-11","00, 03-Jan-2011",1,NA
"554","03/01/2011",9,1,"Dortmund Square",4,"Monday","03-Jan-11",1,2011,3,"Monday/03-Jan-2011","Jan-11","Jan-11","00, 03-Jan-2011",1,NA
"555","03/01/2011",18,1,"Dortmund Square",5,"Monday","03-Jan-11",1,2011,3,"Monday/03-Jan-2011","Jan-11","Jan-11","00, 03-Jan-2011",1,NA
"556","03/01/2011",39,1,"Dortmund Square",6,"Monday","03-Jan-11",1,2011,3,"Monday/03-Jan-2011","Jan-11","Jan-11","00, 03-Jan-2011",1,NA
"557","03/01/2011",44,1,"Dortmund Square",7,"Monday","03-Jan-11",1,2011,3,"Monday/03-Jan-2011","Jan-11","Jan-11","00, 03-Jan-2011",1,NA
"558","03/01/2011",109,1,"Dortmund Square",8,"Monday","03-Jan-11",1,2011,3,"Monday/03-Jan-2011","Jan-11","Jan-11","00, 03-Jan-2011",1,NA
"559","03/01/2011",239,1,"Dortmund Square",9,"Monday","03-Jan-11",1,2011,3,"Monday/03-Jan-2011","Jan-11","Jan-11","00, 03-Jan-2011",1,NA
"560","03/01/2011",612,1,"Dortmund Square",10,"Monday","03-Jan-11",1,2011,3,"Monday/03-Jan-2011","Jan-11","Jan-11","00, 03-Jan-2011",1,NA
"561","03/01/2011",1225,1,"Dortmund Square",11,"Monday","03-Jan-11",1,2011,3,"Monday/03-Jan-2011","Jan-11","Jan-11","00, 03-Jan-2011",1,NA
"562","03/01/2011",1822,1,"Dortmund Square",12,"Monday","03-Jan-11",1,2011,3,"Monday/03-Jan-2011","Jan-11","Jan-11","00, 03-Jan-2011",1,NA
"563","03/01/2011",2274,1,"Dortmund Square",13,"Monday","03-Jan-11",1,2011,3,"Monday/03-Jan-2011","Jan-11","Jan-11","00, 03-Jan-2011",1,NA
"564","03/01/2011",2835,1,"Dortmund Square",14,"Monday","03-Jan-11",1,2011,3,"Monday/03-Jan-2011","Jan-11","Jan-11","00, 03-Jan-2011",1,NA
"565","03/01/2011",3043,1,"Dortmund Square",15,"Monday","03-Jan-11",1,2011,3,"Monday/03-Jan-2011","Jan-11","Jan-11","00, 03-Jan-2011",1,NA
"566","03/01/2011",2321,1,"Dortmund Square",16,"Monday","03-Jan-11",1,2011,3,"Monday/03-Jan-2011","Jan-11","Jan-11","00, 03-Jan-2011",1,NA
"567","03/01/2011",1167,1,"Dortmund Square",17,"Monday","03-Jan-11",1,2011,3,"Monday/03-Jan-2011","Jan-11","Jan-11","00, 03-Jan-2011",1,NA
"568","03/01/2011",520,1,"Dortmund Square",18,"Monday","03-Jan-11",1,2011,3,"Monday/03-Jan-2011","Jan-11","Jan-11","00, 03-Jan-2011",1,NA
"569","03/01/2011",220,1,"Dortmund Square",19,"Monday","03-Jan-11",1,2011,3,"Monday/03-Jan-2011","Jan-11","Jan-11","00, 03-Jan-2011",1,NA
"570","03/01/2011",124,1,"Dortmund Square",20,"Monday","03-Jan-11",1,2011,3,"Monday/03-Jan-2011","Jan-11","Jan-11","00, 03-Jan-2011",1,NA
"571","03/01/2011",98,1,"Dortmund Square",21,"Monday","03-Jan-11",1,2011,3,"Monday/03-Jan-2011","Jan-11","Jan-11","00, 03-Jan-2011",1,NA
"572","03/01/2011",71,1,"Dortmund Square",22,"Monday","03-Jan-11",1,2011,3,"Monday/03-Jan-2011","Jan-11","Jan-11","00, 03-Jan-2011",1,NA
"573","03/01/2011",35,1,"Dortmund Square",23,"Monday","03-Jan-11",1,2011,3,"Monday/03-Jan-2011","Jan-11","Jan-11","00, 03-Jan-2011",1,NA
